INSERT INTO `matieres`(`name`, `content`) VALUES 
(1,"Mathématiques","Arithmétique"),
(2,"Français","Langue"),
(3,"Histoire","Ancêtres"),
(4,"Anglais","LV1"),
(5,"Géographie","Cartes"),
(6,"Allemand","LV2"),
(7,"Espagnol","LV2"),
(8,"Analyse","Compréhension"),
(9,"Communication","Parler"),
(10,"SQL Server","SQL")

INSERT INTO `promotions`(`id`, `name`, `cursus`) VALUES 
(1,"B1","Bachelor"),
(2,"B2","Bachelor"),
(3,"B3","Bachelor"),
(4,"I4","Ingénieur"),
(5,"I5","Ingénieur")

INSERT INTO `matieres_users` (`matiere_id`,`user_id`) VALUES (4,91);
INSERT INTO `matieres_users` (`matiere_id`,`user_id`) VALUES (10,3);
INSERT INTO `matieres_users` (`matiere_id`,`user_id`) VALUES (11,10);
INSERT INTO `matieres_users` (`matiere_id`,`user_id`) VALUES (8,44);
INSERT INTO `matieres_users` (`matiere_id`,`user_id`) VALUES (4,59);
INSERT INTO `matieres_users` (`matiere_id`,`user_id`) VALUES (5,30);
INSERT INTO `matieres_users` (`matiere_id`,`user_id`) VALUES (7,70);
INSERT INTO `matieres_users` (`matiere_id`,`user_id`) VALUES (6,24);
INSERT INTO `matieres_users` (`matiere_id`,`user_id`) VALUES (3,27);
INSERT INTO `matieres_users` (`matiere_id`,`user_id`) VALUES (10,88);
INSERT INTO `matieres_users` (`matiere_id`,`user_id`) VALUES (8,95);
INSERT INTO `matieres_users` (`matiere_id`,`user_id`) VALUES (9,48);
INSERT INTO `matieres_users` (`matiere_id`,`user_id`) VALUES (6,70);
INSERT INTO `matieres_users` (`matiere_id`,`user_id`) VALUES (5,39);
INSERT INTO `matieres_users` (`matiere_id`,`user_id`) VALUES (8,29);
INSERT INTO `matieres_users` (`matiere_id`,`user_id`) VALUES (4,54);
INSERT INTO `matieres_users` (`matiere_id`,`user_id`) VALUES (6,13);
INSERT INTO `matieres_users` (`matiere_id`,`user_id`) VALUES (6,19);
INSERT INTO `matieres_users` (`matiere_id`,`user_id`) VALUES (6,1);
INSERT INTO `matieres_users` (`matiere_id`,`user_id`) VALUES (10,49);
INSERT INTO `matieres_users` (`matiere_id`,`user_id`) VALUES (9,62);
INSERT INTO `matieres_users` (`matiere_id`,`user_id`) VALUES (10,8);
INSERT INTO `matieres_users` (`matiere_id`,`user_id`) VALUES (5,43);
INSERT INTO `matieres_users` (`matiere_id`,`user_id`) VALUES (9,77);
INSERT INTO `matieres_users` (`matiere_id`,`user_id`) VALUES (3,23);
INSERT INTO `matieres_users` (`matiere_id`,`user_id`) VALUES (5,54);
INSERT INTO `matieres_users` (`matiere_id`,`user_id`) VALUES (10,63);
INSERT INTO `matieres_users` (`matiere_id`,`user_id`) VALUES (8,59);
INSERT INTO `matieres_users` (`matiere_id`,`user_id`) VALUES (3,62);
INSERT INTO `matieres_users` (`matiere_id`,`user_id`) VALUES (10,57);

INSERT INTO `users` (`id`, `username`, `password`, `role`, `status`, `surname`, `name`, `email`, `created`, `updated`) VALUES
(1, 'Aliquam', 'Nichole', 'lectus', 'semper', 'Walls', 'Ciara', 'Curae@iderat.ca', '2014-02-02 20:41:23', '2013-08-29 15:11:33'),
(2, 'aliquet', 'Janna', 'mi', 'risus,', 'Hahn', 'Matthew', 'urna@nibh.net', '2014-10-21 10:34:34', '2013-05-21 11:14:58'),
(3, 'vitae,', 'Jacqueline', 'ornare', 'orci,', 'Reilly', 'Stacy', 'nec@eleifend.net', '2011-05-18 05:02:19', '2013-08-22 10:58:38'),
(4, 'hendrerit', 'Vielka', 'Quisque', 'malesuada', 'Dean', 'Prescott', 'risus.Donec@loremvitaeodio.net', '2014-01-25 23:13:57', '2014-02-06 15:23:05'),
(5, 'vel', 'Kameko', 'Duis', 'dignissim', 'Marks', 'Timothy', 'mi.eleifend@temporeratneque.com', '2014-12-11 23:34:39', '2015-02-02 21:59:00'),
(6, 'nisi', 'Sheila', 'dignissim', 'vehicula', 'Kent', 'Gregory', 'dui.Cras.pellentesque@mollis.ca', '2013-04-01 08:40:36', '2014-07-08 03:13:41'),
(7, 'tristique', 'Tana', 'non,', 'quis,', 'Barnett', 'Phyllis', 'vel.quam.dignissim@Maurisutquam.ca', '2013-10-29 21:51:19', '2015-01-30 18:49:38'),
(8, 'pharetra', 'Alfreda', 'et', 'velit', 'Lawrence', 'Buffy', 'vitae@leoelementumsem.net', '2012-01-05 20:41:16', '2014-07-26 01:18:04'),
(9, 'diam.', 'Rhonda', 'mollis', 'eleifend,', 'Newman', 'Shelley', 'pede@Duisac.edu', '2013-03-03 05:30:38', '2014-11-21 03:40:44'),
(10, 'orci', 'Pamela', 'id', 'metus.', 'Gibson', 'Mikayla', 'sit@lectusantedictum.ca', '2013-10-04 01:13:14', '2013-11-30 20:01:58'),
(11, 'non,', 'Chiquita', 'posuere,', 'non,', 'Barton', 'Noble', 'urna.nec@nisi.co.uk', '2012-03-18 06:54:40', '2013-07-27 01:00:12'),
(12, 'metus.', 'Laurel', 'euismod', 'dictum', 'Wilcox', 'Suki', 'sociis.natoque.penatibus@eu.edu', '2014-01-25 19:39:21', '2015-03-30 10:07:38'),
(13, 'Suspendisse', 'Frances', 'vitae', 'massa.', 'Whitaker', 'Dante', 'In.tincidunt.congue@nec.ca', '2011-05-18 10:03:44', '2014-08-28 05:49:24'),
(14, 'vulputate', 'Linda', 'mi', 'vel,', 'Rivera', 'Quinn', 'Donec.porttitor.tellus@aliquet.edu', '2013-10-13 07:07:37', '2013-05-23 09:08:03'),
(15, 'Duis', 'Kaitlin', 'fermentum', 'commodo', 'Buckley', 'Quinlan', 'luctus.et@commodo.com', '2014-07-06 15:59:11', '2013-07-20 23:56:40'),
(16, 'porttitor', 'Willa', 'arcu', 'parturient', 'Sosa', 'Kerry', 'orci.adipiscing.non@sem.co.uk', '2014-06-22 08:29:04', '2015-02-23 10:26:31'),
(17, 'diam', 'Leila', 'tincidunt.', 'Aliquam', 'Holden', 'Abel', 'Vestibulum.ut.eros@malesuada.edu', '2012-10-30 04:23:48', '2014-07-26 02:30:43'),
(18, 'diam', 'Kylee', 'pede', 'in,', 'Dalton', 'Barbara', 'ut.odio@ultricesmauris.com', '2014-01-30 02:42:28', '2013-12-26 16:36:00'),
(19, 'ultricies', 'Shelly', 'fermentum', 'turpis', 'Haynes', 'Jaden', 'at.augue@nonmagna.edu', '2013-11-20 01:26:21', '2014-08-03 19:14:10'),
(20, 'Vivamus', 'Risa', 'non,', 'leo.', 'Wilder', 'September', 'Curabitur.massa@necante.edu', '2014-07-24 10:33:19', '2014-06-06 11:45:27'),
(21, 'faucibus', 'Adrienne', 'aliquet', 'amet', 'Howell', 'Linus', 'in@Aliquamornare.com', '2013-05-17 15:36:51', '2013-05-27 10:59:23'),
(22, 'in', 'Glenna', 'Vestibulum', 'neque', 'Hewitt', 'Jack', 'Morbi.quis.urna@consectetuer.edu', '2014-04-05 12:23:20', '2014-05-30 14:11:05'),
(23, 'dolor.', 'Taylor', 'libero', 'massa.', 'Alvarez', 'Theodore', 'ullamcorper@ornare.com', '2014-04-07 12:44:32', '2013-05-11 11:51:04'),
(24, 'mauris.', 'Halee', 'vel', 'Aliquam', 'Carney', 'Colleen', 'sociis.natoque.penatibus@pellentesquetellusse', '2014-08-04 09:36:17', '2014-06-21 00:04:02'),
(25, 'sodales', 'Grace', 'mattis', 'vehicula', 'Velasquez', 'Bertha', 'est.mollis@Integersem.ca', '2013-05-02 17:33:19', '2013-11-29 07:51:33'),
(26, 'dapibus', 'Sheila', 'ante', 'ridiculus', 'Lott', 'Adena', 'vel@Morbisit.ca', '2014-05-30 22:17:45', '2014-07-23 21:05:19'),
(27, 'lobortis,', 'Caryn', 'penatibus', 'Nam', 'Cortez', 'Wing', 'non.ante.bibendum@Pellentesqueultriciesdignis', '2011-10-01 02:53:18', '2013-09-05 23:26:49'),
(28, 'justo', 'Imogene', 'at', 'a', 'Chavez', 'Kenyon', 'eu.elit@parturientmontes.com', '2014-07-27 15:49:22', '2014-03-19 00:59:11'),
(29, 'auctor', 'Ivory', 'Suspendisse', 'at', 'Morse', 'Ferdinand', 'quis.pede.Praesent@In.ca', '2012-12-18 23:29:36', '2014-09-15 14:46:03'),
(30, 'tellus', 'Faith', 'non,', 'risus,', 'Greer', 'Fatima', 'tempus@aliquetodio.com', '2013-04-02 18:33:02', '2013-10-25 02:29:48'),
(31, 'purus', 'Urielle', 'accumsan', 'Donec', 'Chaney', 'Stella', 'a.mi@gravidamolestie.co.uk', '2012-04-09 22:13:46', '2014-06-22 04:10:14'),
(32, 'purus,', 'Maia', 'tempor', 'sem,', 'Mclaughlin', 'Hedley', 'aliquet@interdumCurabiturdictum.ca', '2014-09-21 06:31:59', '2013-09-30 21:50:43'),
(33, 'quis', 'Charlotte', 'montes,', 'ligula.', 'Russell', 'Martha', 'metus.eu.erat@magnaet.org', '2013-01-28 05:26:09', '2015-01-15 17:32:59'),
(34, 'adipiscing', 'Quynn', 'Nam', 'Pellentesque', 'Puckett', 'Rajah', 'Quisque.fringilla@sed.ca', '2012-03-07 06:42:27', '2014-01-15 18:22:08'),
(35, 'tempus', 'Maile', 'consectetuer', 'ac', 'Pace', 'Felix', 'aliquet.Proin.velit@nequepellentesquemassa.co', '2013-08-07 15:24:34', '2015-02-15 10:37:09'),
(36, 'quis', 'Mariam', 'dolor', 'mauris,', 'Henderson', 'Jonas', 'non@etmalesuada.net', '2011-12-02 23:41:49', '2014-12-01 19:46:21'),
(37, 'euismod', 'Unity', 'nulla', 'non', 'Blevins', 'Jared', 'lacus@nunc.edu', '2011-10-01 06:30:37', '2014-07-25 09:57:12'),
(38, 'lorem', 'Zena', 'arcu.', 'ac', 'Chan', 'Calista', 'faucibus.ut.nulla@Fuscemilorem.net', '2013-08-07 17:53:11', '2013-12-08 07:36:51'),
(39, 'molestie', 'Sade', 'sagittis', 'Nullam', 'Ellis', 'Barrett', 'vestibulum@estMauriseu.org', '2014-07-15 19:59:07', '2014-05-11 20:15:00'),
(40, 'felis', 'Alyssa', 'quis', 'Donec', 'Wilkinson', 'Silas', 'neque.In@dolorquamelementum.edu', '2013-10-23 19:35:10', '2014-09-28 21:21:39'),
(41, 'lobortis', 'Farrah', 'ac', 'semper.', 'Moody', 'Rowan', 'ornare@Etiamligula.edu', '2012-08-13 23:23:03', '2014-06-24 02:49:36'),
(42, 'interdum.', 'Kerry', 'Duis', 'tortor.', 'Newman', 'Thor', 'aliquet@egestas.org', '2014-04-03 09:55:34', '2014-09-03 11:00:43'),
(43, 'non', 'Brenna', 'per', 'non,', 'Charles', 'Noelani', 'nunc@Infaucibus.org', '2013-10-28 09:06:32', '2014-06-02 22:35:29'),
(44, 'Vivamus', 'Melissa', 'pellentesque.', 'non', 'Hanson', 'Uriah', 'metus.facilisis@consectetuereuismodest.net', '2011-06-14 23:23:09', '2014-08-30 17:17:13'),
(45, 'dolor.', 'Mari', 'semper', 'adipiscing', 'Campbell', 'Cody', 'semper.et@rutrumjusto.org', '2013-09-18 06:36:22', '2014-07-29 18:53:53'),
(46, 'ante', 'Leah', 'erat', 'Proin', 'Holder', 'Kareem', 'et@ornareelitelit.ca', '2012-01-13 18:39:04', '2014-09-23 08:21:53'),
(47, 'malesuada', 'Zena', 'at,', 'nisl', 'Salas', 'Patience', 'vitae.semper@Praesent.co.uk', '2012-11-27 23:39:10', '2015-04-16 14:36:09'),
(48, 'mi', 'Jolene', 'Cras', 'mattis', 'Mann', 'Shaine', 'auctor.odio.a@lobortisultrices.org', '2014-05-24 13:32:00', '2014-03-14 07:33:36'),
(49, 'dolor.', 'Robin', 'magna', 'consectetuer', 'Salazar', 'Lynn', 'nulla.In.tincidunt@est.ca', '2012-09-10 04:42:35', '2014-03-29 23:48:46'),
(50, 'eget', 'Meghan', 'Proin', 'vitae', 'Lewis', 'Ingrid', 'ipsum@egetlacus.net', '2011-07-17 14:05:57', '2014-10-09 03:34:11'),
(51, 'Vivamus', 'Hollee', 'rutrum', 'orci.', 'Parks', 'Demetrius', 'Vivamus.sit@dolor.co.uk', '2014-01-17 10:16:07', '2014-09-25 10:49:25'),
(52, 'pede.', 'Chastity', 'Sed', 'elementum', 'Quinn', 'Risa', 'neque@magna.net', '2012-10-27 11:36:10', '2014-04-08 08:39:13'),
(53, 'amet,', 'Nevada', 'adipiscing', 'Phasellus', 'Rose', 'MacKenzie', 'pellentesque@Quisqueimperdiet.com', '2012-07-13 15:38:05', '2013-08-20 13:00:30'),
(54, 'massa.', 'Chastity', 'mollis.', 'pede', 'Lara', 'Raja', 'rutrum@Quisquefringillaeuismod.ca', '2014-07-05 06:12:55', '2015-01-24 02:59:54'),
(55, 'sapien', 'Blythe', 'sed', 'lorem', 'Sloan', 'Lucy', 'nascetur.ridiculus@dapibusidblandit.edu', '2013-10-16 14:28:18', '2014-10-05 10:14:31'),
(56, 'dictum.', 'Lesley', 'Duis', 'nec,', 'Weiss', 'Perry', 'a@Morbi.ca', '2015-03-29 13:29:33', '2014-06-05 15:28:45'),
(57, 'consectetuer', 'Noel', 'eu', 'vitae', 'Wilson', 'Jaquelyn', 'Aliquam.tincidunt.nunc@utlacus.org', '2012-04-10 07:00:24', '2015-02-13 09:31:00'),
(58, 'et', 'Christen', 'lorem', 'risus.', 'Dunn', 'Lyle', 'mattis.velit@magna.org', '2012-01-24 17:34:19', '2015-02-15 19:05:06'),
(59, 'lorem,', 'Gay', 'Nunc', 'sapien', 'Peters', 'Steven', 'malesuada.Integer.id@dolor.org', '2014-11-11 23:03:37', '2013-11-18 12:37:06'),
(60, 'imperdiet', 'Buffy', 'magna.', 'id', 'Beard', 'Yoko', 'Nullam@Duismi.ca', '2012-04-04 14:31:45', '2014-07-31 19:39:30'),
(61, 'sodales', 'Deanna', 'elit', 'hendrerit', 'Puckett', 'Minerva', 'habitant.morbi@ligulaDonec.co.uk', '2014-07-24 19:36:16', '2013-06-29 01:00:54'),
(62, 'blandit', 'Alexa', 'Duis', 'interdum.', 'Stewart', 'Deborah', 'velit.eu@Aliquamultricesiaculis.edu', '2014-09-12 17:00:57', '2014-01-07 08:39:17'),
(63, 'et', 'Aline', 'diam', 'ullamcorper', 'Mcdaniel', 'Salvador', 'leo.Vivamus@lectusCum.net', '2012-11-08 23:12:40', '2013-06-30 21:56:05'),
(64, 'Cras', 'Geraldine', 'quis,', 'lorem,', 'Fuller', 'Helen', 'convallis@semper.com', '2013-04-22 12:31:18', '2015-01-10 14:32:08'),
(65, 'lorem.', 'Moana', 'Curabitur', 'lobortis.', 'Mccullough', 'Bertha', 'mauris.Suspendisse@mi.org', '2012-11-26 09:58:22', '2013-07-23 06:56:24'),
(66, 'Nullam', 'Xerxes', 'diam', 'vulputate,', 'Morse', 'Madaline', 'Donec@maurisut.ca', '2013-09-14 10:49:50', '2015-04-20 20:18:24'),
(67, 'fermentum', 'Tashya', 'Morbi', 'enim', 'Houston', 'Kasimir', 'amet.ante@Maecenasmifelis.ca', '2013-05-28 22:31:03', '2014-07-11 18:59:27'),
(68, 'pede.', 'Iliana', 'Aliquam', 'Curae;', 'Ayers', 'Leroy', 'molestie.arcu@rhoncusid.org', '2015-04-05 05:39:34', '2013-10-22 15:10:50'),
(69, 'non', 'Sigourney', 'diam', 'ut', 'Benson', 'Winter', 'posuere.vulputate@nec.edu', '2014-06-16 03:48:37', '2015-04-28 18:20:28'),
(70, 'Phasellus', 'Haley', 'et,', 'elit', 'Hansen', 'Lillith', 'semper.rutrum@at.net', '2012-07-30 19:04:31', '2013-09-14 23:59:49'),
(71, 'lectus', 'Hilary', 'sem', 'metus.', 'Osborn', 'Thomas', 'Morbi.sit.amet@venenatisamagna.com', '2013-02-08 02:23:31', '2014-07-27 01:02:14'),
(72, 'eleifend', 'Ruth', 'parturient', 'nibh', 'Burt', 'Ryan', 'vel.lectus@Nunc.co.uk', '2014-08-31 15:12:58', '2013-08-23 14:20:58'),
(73, 'Aenean', 'Bethany', 'est,', 'tellus', 'Cameron', 'Erich', 'congue.elit.sed@CraspellentesqueSed.edu', '2013-09-04 21:03:03', '2014-02-22 09:53:42'),
(74, 'Nullam', 'Brenda', 'elit,', 'turpis', 'Avery', 'Camilla', 'ligula.tortor@necurnasuscipit.net', '2011-05-19 13:43:28', '2014-08-05 23:12:19'),
(75, 'aliquet', 'Iris', 'Cum', 'id', 'Newman', 'Philip', 'Nam.tempor.diam@auguescelerisquemollis.edu', '2012-10-24 22:00:56', '2015-03-16 01:23:01'),
(76, 'lorem', 'Alexa', 'eleifend', 'aliquet', 'Tyson', 'Stephanie', 'vel.convallis.in@eratvelpede.ca', '2011-11-06 03:17:18', '2014-11-04 14:45:41'),
(77, 'nibh', 'Aileen', 'vitae,', 'magna.', 'Calderon', 'Cruz', 'nec.diam@Ut.co.uk', '2013-08-28 10:20:21', '2014-07-26 19:31:18'),
(78, 'erat', 'Whoopi', 'malesuada', 'Integer', 'Conley', 'Dieter', 'turpis.vitae.purus@sagittissemperNam.org', '2011-10-24 03:59:15', '2015-03-28 23:47:19'),
(79, 'sit', 'Rylee', 'rhoncus.', 'velit', 'Shaffer', 'Quinlan', 'ut@netuset.edu', '2013-10-23 15:08:03', '2014-10-27 15:20:02'),
(80, 'Nulla', 'Buffy', 'id', 'Cras', 'Merrill', 'Lee', 'ultricies@nisi.edu', '2014-10-16 04:30:07', '2013-09-19 11:54:54'),
(81, 'pede', 'Moana', 'eget', 'vel,', 'Blackwell', 'Thor', 'luctus@mi.org', '2011-12-22 19:52:34', '2013-07-01 19:18:36'),
(82, 'orci,', 'Nora', 'sapien,', 'lorem,', 'Franks', 'Stephanie', 'ut.nulla.Cras@eueleifendnec.com', '2014-07-09 17:49:57', '2015-04-26 22:11:04'),
(83, 'tristique', 'Venus', 'Nam', 'adipiscing', 'Colon', 'Jeremy', 'ipsum.Suspendisse.sagittis@dignissimMaecenas.', '2013-11-02 11:47:55', '2014-12-18 15:38:41'),
(84, 'ultrices', 'Madeline', 'molestie', 'eget', 'Rojas', 'Vaughan', 'eleifend.non.dapibus@Aliquamgravida.net', '2013-06-02 15:02:13', '2014-08-19 23:19:21'),
(85, 'blandit', 'Xena', 'elit.', 'ut,', 'Gibson', 'Celeste', 'et.nunc.Quisque@ornarelibero.co.uk', '2013-09-06 03:47:55', '2015-04-05 00:06:05'),
(86, 'eget,', 'Jada', 'eu', 'montes,', 'Humphrey', 'Velma', 'mattis.ornare@leo.org', '2013-03-18 11:06:29', '2014-07-20 17:25:43'),
(87, 'Nullam', 'Cecilia', 'quis', 'augue', 'Reynolds', 'Derek', 'justo@duiquis.ca', '2015-04-28 23:15:17', '2014-12-19 15:22:31'),
(88, 'Duis', 'Meghan', 'aliquet,', 'pede.', 'Lyons', 'Miriam', 'Suspendisse.aliquet.molestie@hendrerita.edu', '2014-12-31 23:24:19', '2014-08-26 16:37:35'),
(89, 'Vestibulum', 'Orla', 'laoreet', 'elit.', 'Copeland', 'Karyn', 'euismod@anteiaculisnec.com', '2014-01-11 20:17:36', '2014-02-10 02:35:29'),
(90, 'Pellentesque', 'Lynn', 'ipsum', 'diam.', 'Sharpe', 'Clarke', 'ultrices.a.auctor@Phasellusliberomauris.edu', '2014-06-16 01:25:09', '2014-09-12 02:01:23'),
(91, 'adipiscing', 'Kirestin', 'Phasellus', 'at,', 'William', 'Lila', 'id@musAenean.ca', '2013-01-04 06:02:24', '2013-07-17 11:59:41'),
(92, 'id', 'Isabella', 'commodo', 'facilisis', 'Reilly', 'Quyn', 'Cras@etpedeNunc.ca', '2013-05-10 19:13:01', '2013-10-12 11:26:47'),
(93, 'Donec', 'Rebekah', 'dolor', 'volutpat.', 'Cotton', 'Clinton', 'nec@ipsum.com', '2012-09-06 15:34:24', '2015-04-27 05:38:07'),
(94, 'ullamcorper', 'Candice', 'sem', 'orci,', 'Moon', 'Hayes', 'lobortis.Class.aptent@convallis.org', '2015-02-07 05:10:28', '2014-02-26 17:16:22'),
(95, 'Nulla', 'Astra', 'sit', 'sollicitudin', 'Boyd', 'Xanthus', 'Donec.fringilla@MaurismagnaDuis.edu', '2011-10-21 07:22:23', '2013-09-04 20:10:23'),
(96, 'Ut', 'Zephr', 'ornare,', 'orci', 'Stuart', 'Channing', 'euismod.enim@pede.net', '2012-09-08 04:09:19', '2014-02-18 05:42:08'),
(97, 'velit.', 'Cleo', 'dolor.', 'posuere', 'Crane', 'Hermione', 'tincidunt@dolor.co.uk', '2013-12-25 23:16:06', '2013-06-06 23:06:55'),
(98, 'venenatis', 'Eliana', 'congue,', 'velit', 'Cantu', 'Aquila', 'natoque.penatibus.et@dignissimlacusAliquam.ne', '2012-11-24 01:30:08', '2014-01-07 01:40:12'),
(99, 'quis', 'Angelica', 'magna', 'aliquam', 'Maddox', 'Michelle', 'scelerisque.mollis@nonummyut.org', '2013-03-16 19:34:00', '2014-11-16 09:16:18'),
(100, 'a', 'Darrel', 'consequat', 'lacinia.', 'Johnson', 'Shay', 'accumsan@elita.ca', '2014-06-02 10:54:48', '2013-06-09 07:52:05');

INSERT INTO `cours` (`id`,`author`,`name`,`content`,`heure_debut`,`heure_fin`,`date`,`created`,`updated`,`matieres_id`,`promotions_id`) VALUES (1,"Barbara Copeland","porttitor tellus non magna. Nam","ac turpis egestas. Aliquam fringilla cursus purus. Nullam scelerisque neque sed sem egestas blandit. Nam nulla magna, malesuada vel, convallis in, cursus et, eros. Proin ultrices. Duis volutpat nunc sit amet metus. Aliquam erat volutpat. Nulla facilisis. Suspendisse commodo tincidunt nibh. Phasellus nulla. Integer vulputate, risus a ultricies adipiscing, enim","2014-05-01 01:37:35","2013-10-20 06:09:24","15-03-26","2015-04-02 21:51:14","2015-04-17 05:52:21",8,2);
INSERT INTO `cours` (`id`,`author`,`name`,`content`,`heure_debut`,`heure_fin`,`date`,`created`,`updated`,`matieres_id`,`promotions_id`) VALUES (2,"Keely Hubbard","nulla. In tincidunt congue turpis.","adipiscing. Mauris molestie pharetra nibh. Aliquam ornare, libero at auctor ullamcorper, nisl arcu iaculis enim, sit amet ornare lectus justo eu arcu. Morbi sit amet massa. Quisque porttitor eros nec tellus. Nunc lectus pede, ultrices a, auctor non, feugiat nec, diam. Duis mi enim, condimentum eget, volutpat ornare, facilisis eget,","2015-02-28 08:50:28","2013-08-11 10:23:01","14-05-25","2013-06-18 10:34:11","2014-10-16 01:37:21",5,2);
INSERT INTO `cours` (`id`,`author`,`name`,`content`,`heure_debut`,`heure_fin`,`date`,`created`,`updated`,`matieres_id`,`promotions_id`) VALUES (3,"Ella Leonard","lacinia orci, consectetuer euismod est","torquent per conubia nostra, per inceptos hymenaeos. Mauris ut quam vel sapien imperdiet ornare. In faucibus. Morbi vehicula. Pellentesque tincidunt tempus risus. Donec egestas. Duis ac arcu. Nunc mauris. Morbi non sapien molestie orci tincidunt adipiscing. Mauris molestie pharetra nibh. Aliquam ornare, libero at auctor ullamcorper, nisl arcu iaculis enim,","2014-04-19 15:43:24","2014-05-21 19:51:34","13-07-19","2014-10-16 17:29:31","2014-02-06 18:09:45",5,4);
INSERT INTO `cours` (`id`,`author`,`name`,`content`,`heure_debut`,`heure_fin`,`date`,`created`,`updated`,`matieres_id`,`promotions_id`) VALUES (4,"Xena Hutchinson","malesuada augue ut lacus. Nulla","lacus. Nulla tincidunt, neque vitae semper egestas, urna justo faucibus lectus, a sollicitudin orci sem eget massa. Suspendisse eleifend. Cras sed leo. Cras vehicula aliquet libero. Integer in magna. Phasellus dolor elit, pellentesque a, facilisis non, bibendum sed, est. Nunc laoreet lectus quis massa. Mauris vestibulum, neque sed dictum eleifend,","2013-07-11 22:19:47","2015-01-11 04:30:29","14-08-17","2014-02-14 03:55:15","2015-04-30 04:32:57",2,3);
INSERT INTO `cours` (`id`,`author`,`name`,`content`,`heure_debut`,`heure_fin`,`date`,`created`,`updated`,`matieres_id`,`promotions_id`) VALUES (5,"Clio Woodard","id risus quis diam luctus","ut cursus luctus, ipsum leo elementum sem, vitae aliquam eros turpis non enim. Mauris quis turpis vitae purus gravida sagittis. Duis gravida. Praesent eu nulla at sem molestie sodales. Mauris blandit enim consequat purus. Maecenas libero est, congue a, aliquet vel, vulputate eu, odio. Phasellus at augue id ante dictum","2014-06-30 03:47:27","2013-06-11 12:39:22","13-10-20","2014-03-29 03:31:16","2013-06-03 19:51:59",1,1);
INSERT INTO `cours` (`id`,`author`,`name`,`content`,`heure_debut`,`heure_fin`,`date`,`created`,`updated`,`matieres_id`,`promotions_id`) VALUES (6,"Adria Huff","velit dui, semper et, lacinia","tempus, lorem fringilla ornare placerat, orci lacus vestibulum lorem, sit amet ultricies sem magna nec quam. Curabitur vel lectus. Cum sociis natoque penatibus et magnis dis parturient montes, nascetur ridiculus mus. Donec dignissim magna a tortor. Nunc commodo auctor velit. Aliquam nisl. Nulla eu neque pellentesque massa lobortis ultrices. Vivamus","2014-06-18 20:33:11","2014-11-22 07:29:26","15-02-16","2015-03-29 19:23:38","2013-12-04 12:35:02",10,3);
INSERT INTO `cours` (`id`,`author`,`name`,`content`,`heure_debut`,`heure_fin`,`date`,`created`,`updated`,`matieres_id`,`promotions_id`) VALUES (7,"Idona Wilkinson","amet nulla. Donec non justo.","Nunc sed orci lobortis augue scelerisque mollis. Phasellus libero mauris, aliquam eu, accumsan sed, facilisis vitae, orci. Phasellus dapibus quam quis diam. Pellentesque habitant morbi tristique senectus et netus et malesuada fames ac turpis egestas. Fusce aliquet magna a neque. Nullam ut nisi a odio semper cursus. Integer mollis. Integer","2015-03-29 11:53:33","2014-07-12 19:32:46","14-10-16","2014-10-05 03:18:58","2013-06-02 04:55:37",7,5);
INSERT INTO `cours` (`id`,`author`,`name`,`content`,`heure_debut`,`heure_fin`,`date`,`created`,`updated`,`matieres_id`,`promotions_id`) VALUES (8,"Dorothy Terry","Suspendisse commodo tincidunt nibh. Phasellus","Aliquam nec enim. Nunc ut erat. Sed nunc est, mollis non, cursus non, egestas a, dui. Cras pellentesque. Sed dictum. Proin eget odio. Aliquam vulputate ullamcorper magna. Sed eu eros. Nam consequat dolor vitae dolor. Donec fringilla. Donec feugiat metus sit amet ante. Vivamus non lorem vitae odio sagittis semper.","2013-11-08 16:31:23","2014-03-19 15:08:30","14-04-29","2014-11-05 08:07:43","2014-09-09 10:47:48",2,4);
INSERT INTO `cours` (`id`,`author`,`name`,`content`,`heure_debut`,`heure_fin`,`date`,`created`,`updated`,`matieres_id`,`promotions_id`) VALUES (9,"Kiayada Pacheco","orci, in consequat enim diam","Vestibulum ante ipsum primis in faucibus orci luctus et ultrices posuere cubilia Curae; Phasellus ornare. Fusce mollis. Duis sit amet diam eu dolor egestas rhoncus. Proin nisl sem, consequat nec, mollis vitae, posuere at, velit. Cras lorem lorem, luctus ut, pellentesque eget, dictum placerat, augue. Sed molestie. Sed id risus","2013-07-18 15:28:47","2014-11-22 02:50:58","14-11-14","2015-01-30 22:13:44","2014-01-17 17:49:27",7,1);
INSERT INTO `cours` (`id`,`author`,`name`,`content`,`heure_debut`,`heure_fin`,`date`,`created`,`updated`,`matieres_id`,`promotions_id`) VALUES (10,"Tamekah Diaz","odio semper cursus. Integer mollis.","Sed id risus quis diam luctus lobortis. Class aptent taciti sociosqu ad litora torquent per conubia nostra, per inceptos hymenaeos. Mauris ut quam vel sapien imperdiet ornare. In faucibus. Morbi vehicula. Pellentesque tincidunt tempus risus. Donec egestas. Duis ac arcu. Nunc mauris. Morbi non sapien molestie orci tincidunt adipiscing. Mauris","2014-09-02 00:21:42","2013-05-06 14:29:33","14-09-11","2013-10-07 15:50:31","2014-12-12 17:12:19",1,3);
INSERT INTO `cours` (`id`,`author`,`name`,`content`,`heure_debut`,`heure_fin`,`date`,`created`,`updated`,`matieres_id`,`promotions_id`) VALUES (11,"Karly Dickerson","velit in aliquet lobortis, nisi","ut dolor dapibus gravida. Aliquam tincidunt, nunc ac mattis ornare, lectus ante dictum mi, ac mattis velit justo nec ante. Maecenas mi felis, adipiscing fringilla, porttitor vulputate, posuere vulputate, lacus. Cras interdum. Nunc sollicitudin commodo ipsum. Suspendisse non leo. Vivamus nibh dolor, nonummy ac, feugiat non, lobortis quis, pede. Suspendisse","2013-12-01 03:01:53","2013-09-24 09:32:43","14-06-10","2014-03-24 13:10:06","2013-08-29 23:42:49",9,2);
INSERT INTO `cours` (`id`,`author`,`name`,`content`,`heure_debut`,`heure_fin`,`date`,`created`,`updated`,`matieres_id`,`promotions_id`) VALUES (12,"Kameko Hendrix","vel, convallis in, cursus et,","Proin non massa non ante bibendum ullamcorper. Duis cursus, diam at pretium aliquet, metus urna convallis erat, eget tincidunt dui augue eu tellus. Phasellus elit pede, malesuada vel, venenatis vel, faucibus id, libero. Donec consectetuer mauris id sapien. Cras dolor dolor, tempus non, lacinia at, iaculis quis, pede. Praesent eu","2013-08-04 21:09:01","2014-01-22 20:35:27","13-10-16","2015-01-11 06:27:16","2013-05-31 06:41:39",4,2);
INSERT INTO `cours` (`id`,`author`,`name`,`content`,`heure_debut`,`heure_fin`,`date`,`created`,`updated`,`matieres_id`,`promotions_id`) VALUES (13,"Hanna Hansen","at pretium aliquet, metus urna","est mauris, rhoncus id, mollis nec, cursus a, enim. Suspendisse aliquet, sem ut cursus luctus, ipsum leo elementum sem, vitae aliquam eros turpis non enim. Mauris quis turpis vitae purus gravida sagittis. Duis gravida. Praesent eu nulla at sem molestie sodales. Mauris blandit enim consequat purus. Maecenas libero est, congue","2014-01-17 14:50:56","2014-01-24 09:42:20","14-01-25","2013-10-03 19:11:53","2015-03-18 18:54:57",1,4);
INSERT INTO `cours` (`id`,`author`,`name`,`content`,`heure_debut`,`heure_fin`,`date`,`created`,`updated`,`matieres_id`,`promotions_id`) VALUES (14,"Azalia Wolf","interdum. Sed auctor odio a","id nunc interdum feugiat. Sed nec metus facilisis lorem tristique aliquet. Phasellus fermentum convallis ligula. Donec luctus aliquet odio. Etiam ligula tortor, dictum eu, placerat eget, venenatis a, magna. Lorem ipsum dolor sit amet, consectetuer adipiscing elit. Etiam laoreet, libero et tristique pellentesque, tellus sem mollis dui, in sodales elit","2015-03-08 23:47:00","2013-08-01 18:02:10","14-10-10","2014-12-13 12:23:55","2013-09-14 19:54:31",4,5);
INSERT INTO `cours` (`id`,`author`,`name`,`content`,`heure_debut`,`heure_fin`,`date`,`created`,`updated`,`matieres_id`,`promotions_id`) VALUES (15,"Karleigh Newton","erat. Vivamus nisi. Mauris nulla.","faucibus orci luctus et ultrices posuere cubilia Curae; Donec tincidunt. Donec vitae erat vel pede blandit congue. In scelerisque scelerisque dui. Suspendisse ac metus vitae velit egestas lacinia. Sed congue, elit sed consequat auctor, nunc nulla vulputate dui, nec tempus mauris erat eget ipsum. Suspendisse sagittis. Nullam vitae diam. Proin","2014-10-22 00:50:09","2014-11-11 21:00:16","15-01-23","2013-10-17 16:25:59","2014-12-12 00:08:51",2,2);
INSERT INTO `cours` (`id`,`author`,`name`,`content`,`heure_debut`,`heure_fin`,`date`,`created`,`updated`,`matieres_id`,`promotions_id`) VALUES (16,"Audra Gregory","Integer tincidunt aliquam arcu. Aliquam","Pellentesque habitant morbi tristique senectus et netus et malesuada fames ac turpis egestas. Fusce aliquet magna a neque. Nullam ut nisi a odio semper cursus. Integer mollis. Integer tincidunt aliquam arcu. Aliquam ultrices iaculis odio. Nam interdum enim non nisi. Aenean eget metus. In nec orci. Donec nibh. Quisque nonummy","2014-10-17 10:09:22","2014-08-12 12:04:58","14-02-12","2014-07-19 22:01:13","2014-02-17 08:58:08",10,5);
INSERT INTO `cours` (`id`,`author`,`name`,`content`,`heure_debut`,`heure_fin`,`date`,`created`,`updated`,`matieres_id`,`promotions_id`) VALUES (17,"Jenna Webb","mauris a nunc. In at","tincidunt orci quis lectus. Nullam suscipit, est ac facilisis facilisis, magna tellus faucibus leo, in lobortis tellus justo sit amet nulla. Donec non justo. Proin non massa non ante bibendum ullamcorper. Duis cursus, diam at pretium aliquet, metus urna convallis erat, eget tincidunt dui augue eu tellus. Phasellus elit pede,","2013-12-19 07:57:54","2014-12-31 05:23:21","15-03-02","2014-04-12 19:13:13","2014-08-14 04:33:44",3,3);
INSERT INTO `cours` (`id`,`author`,`name`,`content`,`heure_debut`,`heure_fin`,`date`,`created`,`updated`,`matieres_id`,`promotions_id`) VALUES (18,"Bo Castro","cursus purus. Nullam scelerisque neque","Sed auctor odio a purus. Duis elementum, dui quis accumsan convallis, ante lectus convallis est, vitae sodales nisi magna sed dui. Fusce aliquam, enim nec tempus scelerisque, lorem ipsum sodales purus, in molestie tortor nibh sit amet orci. Ut sagittis lobortis mauris. Suspendisse aliquet molestie tellus. Aenean egestas hendrerit neque.","2013-08-24 17:49:08","2015-04-21 11:24:22","13-05-09","2014-01-29 09:09:53","2015-02-20 15:41:48",4,3);
INSERT INTO `cours` (`id`,`author`,`name`,`content`,`heure_debut`,`heure_fin`,`date`,`created`,`updated`,`matieres_id`,`promotions_id`) VALUES (19,"Charlotte Booker","diam at pretium aliquet, metus","Curabitur dictum. Phasellus in felis. Nulla tempor augue ac ipsum. Phasellus vitae mauris sit amet lorem semper auctor. Mauris vel turpis. Aliquam adipiscing lobortis risus. In mi pede, nonummy ut, molestie in, tempus eu, ligula. Aenean euismod mauris eu elit. Nulla facilisi. Sed neque. Sed eget lacus. Mauris non dui","2014-12-04 08:50:45","2014-05-13 17:30:10","14-07-31","2014-07-21 05:51:14","2013-05-15 09:14:26",1,2);
INSERT INTO `cours` (`id`,`author`,`name`,`content`,`heure_debut`,`heure_fin`,`date`,`created`,`updated`,`matieres_id`,`promotions_id`) VALUES (20,"Ann Hughes","Nunc ut erat. Sed nunc","Cras vulputate velit eu sem. Pellentesque ut ipsum ac mi eleifend egestas. Sed pharetra, felis eget varius ultrices, mauris ipsum porta elit, a feugiat tellus lorem eu metus. In lorem. Donec elementum, lorem ut aliquam iaculis, lacus pede sagittis augue, eu tempor erat neque non quam. Pellentesque habitant morbi tristique","2014-08-02 20:26:16","2014-10-26 21:42:16","13-12-24","2015-02-11 20:25:32","2014-10-26 07:00:56",6,1);
INSERT INTO `cours` (`id`,`author`,`name`,`content`,`heure_debut`,`heure_fin`,`date`,`created`,`updated`,`matieres_id`,`promotions_id`) VALUES (21,"Blythe Clark","Nunc sollicitudin commodo ipsum. Suspendisse","convallis, ante lectus convallis est, vitae sodales nisi magna sed dui. Fusce aliquam, enim nec tempus scelerisque, lorem ipsum sodales purus, in molestie tortor nibh sit amet orci. Ut sagittis lobortis mauris. Suspendisse aliquet molestie tellus. Aenean egestas hendrerit neque. In ornare sagittis felis. Donec tempor, est ac mattis semper,","2014-06-11 02:03:03","2015-01-26 02:52:39","15-02-12","2013-10-06 05:28:24","2013-08-08 19:29:38",9,5);
INSERT INTO `cours` (`id`,`author`,`name`,`content`,`heure_debut`,`heure_fin`,`date`,`created`,`updated`,`matieres_id`,`promotions_id`) VALUES (22,"Hope Carr","feugiat non, lobortis quis, pede.","mus. Proin vel nisl. Quisque fringilla euismod enim. Etiam gravida molestie arcu. Sed eu nibh vulputate mauris sagittis placerat. Cras dictum ultricies ligula. Nullam enim. Sed nulla ante, iaculis nec, eleifend non, dapibus rutrum, justo. Praesent luctus. Curabitur egestas nunc sed libero. Proin sed turpis nec mauris blandit mattis. Cras","2014-08-01 06:46:59","2015-01-29 10:11:58","13-11-11","2014-05-08 12:41:26","2014-11-08 13:43:57",3,3);
INSERT INTO `cours` (`id`,`author`,`name`,`content`,`heure_debut`,`heure_fin`,`date`,`created`,`updated`,`matieres_id`,`promotions_id`) VALUES (23,"Shelly Buckner","fermentum fermentum arcu. Vestibulum ante","nascetur ridiculus mus. Proin vel nisl. Quisque fringilla euismod enim. Etiam gravida molestie arcu. Sed eu nibh vulputate mauris sagittis placerat. Cras dictum ultricies ligula. Nullam enim. Sed nulla ante, iaculis nec, eleifend non, dapibus rutrum, justo. Praesent luctus. Curabitur egestas nunc sed libero. Proin sed turpis nec mauris blandit","2014-10-31 08:17:34","2013-08-22 10:13:30","13-12-08","2014-12-09 16:37:30","2014-07-07 21:29:44",2,2);
INSERT INTO `cours` (`id`,`author`,`name`,`content`,`heure_debut`,`heure_fin`,`date`,`created`,`updated`,`matieres_id`,`promotions_id`) VALUES (24,"Nichole Coffey","Nulla semper tellus id nunc","et arcu imperdiet ullamcorper. Duis at lacus. Quisque purus sapien, gravida non, sollicitudin a, malesuada id, erat. Etiam vestibulum massa rutrum magna. Cras convallis convallis dolor. Quisque tincidunt pede ac urna. Ut tincidunt vehicula risus. Nulla eget metus eu erat semper rutrum. Fusce dolor quam, elementum at, egestas a, scelerisque","2013-11-25 08:45:58","2014-02-06 18:38:39","14-06-29","2014-12-22 14:35:20","2013-06-18 05:58:41",9,3);
INSERT INTO `cours` (`id`,`author`,`name`,`content`,`heure_debut`,`heure_fin`,`date`,`created`,`updated`,`matieres_id`,`promotions_id`) VALUES (25,"Madaline Peck","purus. Duis elementum, dui quis","In faucibus. Morbi vehicula. Pellentesque tincidunt tempus risus. Donec egestas. Duis ac arcu. Nunc mauris. Morbi non sapien molestie orci tincidunt adipiscing. Mauris molestie pharetra nibh. Aliquam ornare, libero at auctor ullamcorper, nisl arcu iaculis enim, sit amet ornare lectus justo eu arcu. Morbi sit amet massa. Quisque porttitor eros","2015-04-14 14:11:05","2014-11-25 15:26:44","15-01-02","2014-03-12 19:32:03","2013-12-27 07:06:55",10,1);
INSERT INTO `cours` (`id`,`author`,`name`,`content`,`heure_debut`,`heure_fin`,`date`,`created`,`updated`,`matieres_id`,`promotions_id`) VALUES (26,"Xerxes French","risus. Duis a mi fringilla","quis diam luctus lobortis. Class aptent taciti sociosqu ad litora torquent per conubia nostra, per inceptos hymenaeos. Mauris ut quam vel sapien imperdiet ornare. In faucibus. Morbi vehicula. Pellentesque tincidunt tempus risus. Donec egestas. Duis ac arcu. Nunc mauris. Morbi non sapien molestie orci tincidunt adipiscing. Mauris molestie pharetra nibh.","2014-11-29 07:02:21","2014-04-07 07:42:39","14-06-19","2014-10-11 21:58:46","2014-07-27 15:20:48",10,5);
INSERT INTO `cours` (`id`,`author`,`name`,`content`,`heure_debut`,`heure_fin`,`date`,`created`,`updated`,`matieres_id`,`promotions_id`) VALUES (27,"Candice Craig","non, egestas a, dui. Cras","sed orci lobortis augue scelerisque mollis. Phasellus libero mauris, aliquam eu, accumsan sed, facilisis vitae, orci. Phasellus dapibus quam quis diam. Pellentesque habitant morbi tristique senectus et netus et malesuada fames ac turpis egestas. Fusce aliquet magna a neque. Nullam ut nisi a odio semper cursus. Integer mollis. Integer tincidunt","2014-06-18 07:54:47","2015-04-30 16:30:50","15-02-17","2013-12-12 17:31:58","2013-07-25 16:50:41",8,5);
INSERT INTO `cours` (`id`,`author`,`name`,`content`,`heure_debut`,`heure_fin`,`date`,`created`,`updated`,`matieres_id`,`promotions_id`) VALUES (28,"Halla Serrano","iaculis, lacus pede sagittis augue,","ultrices. Vivamus rhoncus. Donec est. Nunc ullamcorper, velit in aliquet lobortis, nisi nibh lacinia orci, consectetuer euismod est arcu ac orci. Ut semper pretium neque. Morbi quis urna. Nunc quis arcu vel quam dignissim pharetra. Nam ac nulla. In tincidunt congue turpis. In condimentum. Donec at arcu. Vestibulum ante ipsum","2013-06-08 07:00:24","2013-06-09 12:02:39","15-02-22","2014-01-23 00:09:44","2014-06-03 04:44:57",8,1);
INSERT INTO `cours` (`id`,`author`,`name`,`content`,`heure_debut`,`heure_fin`,`date`,`created`,`updated`,`matieres_id`,`promotions_id`) VALUES (29,"Doris Reyes","leo. Vivamus nibh dolor, nonummy","amet, consectetuer adipiscing elit. Curabitur sed tortor. Integer aliquam adipiscing lacus. Ut nec urna et arcu imperdiet ullamcorper. Duis at lacus. Quisque purus sapien, gravida non, sollicitudin a, malesuada id, erat. Etiam vestibulum massa rutrum magna. Cras convallis convallis dolor. Quisque tincidunt pede ac urna. Ut tincidunt vehicula risus. Nulla","2013-05-23 10:18:30","2013-05-15 10:26:22","14-11-28","2014-12-04 08:15:55","2014-01-26 22:24:47",3,3);
INSERT INTO `cours` (`id`,`author`,`name`,`content`,`heure_debut`,`heure_fin`,`date`,`created`,`updated`,`matieres_id`,`promotions_id`) VALUES (30,"Macey Huber","tincidunt. Donec vitae erat vel","Donec egestas. Duis ac arcu. Nunc mauris. Morbi non sapien molestie orci tincidunt adipiscing. Mauris molestie pharetra nibh. Aliquam ornare, libero at auctor ullamcorper, nisl arcu iaculis enim, sit amet ornare lectus justo eu arcu. Morbi sit amet massa. Quisque porttitor eros nec tellus. Nunc lectus pede, ultrices a, auctor","2013-08-20 08:47:27","2014-02-15 10:11:22","15-04-24","2013-10-20 03:53:58","2015-04-07 21:46:00",4,2);
INSERT INTO `cours` (`id`,`author`,`name`,`content`,`heure_debut`,`heure_fin`,`date`,`created`,`updated`,`matieres_id`,`promotions_id`) VALUES (31,"Ina Ramirez","nunc ac mattis ornare, lectus","vitae mauris sit amet lorem semper auctor. Mauris vel turpis. Aliquam adipiscing lobortis risus. In mi pede, nonummy ut, molestie in, tempus eu, ligula. Aenean euismod mauris eu elit. Nulla facilisi. Sed neque. Sed eget lacus. Mauris non dui nec urna suscipit nonummy. Fusce fermentum fermentum arcu. Vestibulum ante ipsum","2013-06-02 08:59:08","2015-03-01 11:57:59","14-01-31","2014-05-11 01:41:37","2013-10-16 23:13:54",9,3);
INSERT INTO `cours` (`id`,`author`,`name`,`content`,`heure_debut`,`heure_fin`,`date`,`created`,`updated`,`matieres_id`,`promotions_id`) VALUES (32,"Deirdre Hurley","et, lacinia vitae, sodales at,","mauris ipsum porta elit, a feugiat tellus lorem eu metus. In lorem. Donec elementum, lorem ut aliquam iaculis, lacus pede sagittis augue, eu tempor erat neque non quam. Pellentesque habitant morbi tristique senectus et netus et malesuada fames ac turpis egestas. Aliquam fringilla cursus purus. Nullam scelerisque neque sed sem","2014-09-07 21:57:06","2014-05-25 17:38:27","13-09-07","2014-11-15 13:50:33","2013-06-24 06:35:24",9,3);
INSERT INTO `cours` (`id`,`author`,`name`,`content`,`heure_debut`,`heure_fin`,`date`,`created`,`updated`,`matieres_id`,`promotions_id`) VALUES (33,"Caryn Holder","per conubia nostra, per inceptos","sed sem egestas blandit. Nam nulla magna, malesuada vel, convallis in, cursus et, eros. Proin ultrices. Duis volutpat nunc sit amet metus. Aliquam erat volutpat. Nulla facilisis. Suspendisse commodo tincidunt nibh. Phasellus nulla. Integer vulputate, risus a ultricies adipiscing, enim mi tempor lorem, eget mollis lectus pede et risus. Quisque","2013-08-16 21:29:01","2013-12-18 02:13:58","14-01-07","2013-07-19 05:23:35","2014-11-09 23:41:33",1,1);
INSERT INTO `cours` (`id`,`author`,`name`,`content`,`heure_debut`,`heure_fin`,`date`,`created`,`updated`,`matieres_id`,`promotions_id`) VALUES (34,"Roanna Vinson","accumsan interdum libero dui nec","lacinia orci, consectetuer euismod est arcu ac orci. Ut semper pretium neque. Morbi quis urna. Nunc quis arcu vel quam dignissim pharetra. Nam ac nulla. In tincidunt congue turpis. In condimentum. Donec at arcu. Vestibulum ante ipsum primis in faucibus orci luctus et ultrices posuere cubilia Curae; Donec tincidunt. Donec","2013-12-16 14:37:05","2013-08-06 21:28:45","14-01-31","2013-11-28 01:38:44","2014-09-11 17:53:04",7,4);
INSERT INTO `cours` (`id`,`author`,`name`,`content`,`heure_debut`,`heure_fin`,`date`,`created`,`updated`,`matieres_id`,`promotions_id`) VALUES (35,"Belle Barker","eget varius ultrices, mauris ipsum","Duis dignissim tempor arcu. Vestibulum ut eros non enim commodo hendrerit. Donec porttitor tellus non magna. Nam ligula elit, pretium et, rutrum non, hendrerit id, ante. Nunc mauris sapien, cursus in, hendrerit consectetuer, cursus et, magna. Praesent interdum ligula eu enim. Etiam imperdiet dictum magna. Ut tincidunt orci quis lectus.","2013-06-16 11:04:06","2015-04-30 07:52:00","14-02-06","2013-07-27 22:50:13","2014-05-18 20:45:47",8,4);
INSERT INTO `cours` (`id`,`author`,`name`,`content`,`heure_debut`,`heure_fin`,`date`,`created`,`updated`,`matieres_id`,`promotions_id`) VALUES (36,"Olga Humphrey","sed libero. Proin sed turpis","risus varius orci, in consequat enim diam vel arcu. Curabitur ut odio vel est tempor bibendum. Donec felis orci, adipiscing non, luctus sit amet, faucibus ut, nulla. Cras eu tellus eu augue porttitor interdum. Sed auctor odio a purus. Duis elementum, dui quis accumsan convallis, ante lectus convallis est, vitae","2014-07-01 17:13:09","2013-10-15 07:44:33","14-08-06","2013-07-14 02:53:29","2014-04-07 07:32:22",4,2);
INSERT INTO `cours` (`id`,`author`,`name`,`content`,`heure_debut`,`heure_fin`,`date`,`created`,`updated`,`matieres_id`,`promotions_id`) VALUES (37,"Kiayada Stokes","ultrices. Vivamus rhoncus. Donec est.","tincidunt orci quis lectus. Nullam suscipit, est ac facilisis facilisis, magna tellus faucibus leo, in lobortis tellus justo sit amet nulla. Donec non justo. Proin non massa non ante bibendum ullamcorper. Duis cursus, diam at pretium aliquet, metus urna convallis erat, eget tincidunt dui augue eu tellus. Phasellus elit pede,","2013-10-27 06:13:01","2013-11-22 04:55:41","15-01-15","2014-09-15 11:01:21","2014-11-27 01:51:56",7,1);
INSERT INTO `cours` (`id`,`author`,`name`,`content`,`heure_debut`,`heure_fin`,`date`,`created`,`updated`,`matieres_id`,`promotions_id`) VALUES (38,"Jemima Finch","pharetra, felis eget varius ultrices,","in faucibus orci luctus et ultrices posuere cubilia Curae; Phasellus ornare. Fusce mollis. Duis sit amet diam eu dolor egestas rhoncus. Proin nisl sem, consequat nec, mollis vitae, posuere at, velit. Cras lorem lorem, luctus ut, pellentesque eget, dictum placerat, augue. Sed molestie. Sed id risus quis diam luctus lobortis.","2015-04-20 07:45:54","2013-09-13 09:06:11","13-12-06","2014-12-18 00:57:59","2014-04-14 20:58:30",7,5);
INSERT INTO `cours` (`id`,`author`,`name`,`content`,`heure_debut`,`heure_fin`,`date`,`created`,`updated`,`matieres_id`,`promotions_id`) VALUES (39,"Candice Velazquez","vel turpis. Aliquam adipiscing lobortis","augue malesuada malesuada. Integer id magna et ipsum cursus vestibulum. Mauris magna. Duis dignissim tempor arcu. Vestibulum ut eros non enim commodo hendrerit. Donec porttitor tellus non magna. Nam ligula elit, pretium et, rutrum non, hendrerit id, ante. Nunc mauris sapien, cursus in, hendrerit consectetuer, cursus et, magna. Praesent interdum","2015-02-09 16:52:18","2014-11-01 03:43:39","15-03-13","2014-01-01 10:01:32","2013-10-26 05:45:19",2,2);
INSERT INTO `cours` (`id`,`author`,`name`,`content`,`heure_debut`,`heure_fin`,`date`,`created`,`updated`,`matieres_id`,`promotions_id`) VALUES (40,"Deirdre Adkins","lorem lorem, luctus ut, pellentesque","eros. Nam consequat dolor vitae dolor. Donec fringilla. Donec feugiat metus sit amet ante. Vivamus non lorem vitae odio sagittis semper. Nam tempor diam dictum sapien. Aenean massa. Integer vitae nibh. Donec est mauris, rhoncus id, mollis nec, cursus a, enim. Suspendisse aliquet, sem ut cursus luctus, ipsum leo elementum","2014-12-21 11:32:51","2015-01-30 16:14:41","14-04-30","2015-03-05 12:13:17","2013-07-16 10:54:04",2,1);
INSERT INTO `cours` (`id`,`author`,`name`,`content`,`heure_debut`,`heure_fin`,`date`,`created`,`updated`,`matieres_id`,`promotions_id`) VALUES (41,"Amela Macias","Morbi vehicula. Pellentesque tincidunt tempus","eu, placerat eget, venenatis a, magna. Lorem ipsum dolor sit amet, consectetuer adipiscing elit. Etiam laoreet, libero et tristique pellentesque, tellus sem mollis dui, in sodales elit erat vitae risus. Duis a mi fringilla mi lacinia mattis. Integer eu lacus. Quisque imperdiet, erat nonummy ultricies ornare, elit elit fermentum risus,","2013-07-29 06:48:39","2013-05-30 21:35:31","14-03-17","2014-04-25 10:50:32","2014-07-12 06:51:30",1,1);
INSERT INTO `cours` (`id`,`author`,`name`,`content`,`heure_debut`,`heure_fin`,`date`,`created`,`updated`,`matieres_id`,`promotions_id`) VALUES (42,"Jessica Juarez","nec enim. Nunc ut erat.","et nunc. Quisque ornare tortor at risus. Nunc ac sem ut dolor dapibus gravida. Aliquam tincidunt, nunc ac mattis ornare, lectus ante dictum mi, ac mattis velit justo nec ante. Maecenas mi felis, adipiscing fringilla, porttitor vulputate, posuere vulputate, lacus. Cras interdum. Nunc sollicitudin commodo ipsum. Suspendisse non leo. Vivamus","2013-07-29 12:04:19","2015-01-21 20:28:26","14-06-06","2014-10-26 22:26:19","2015-01-13 05:53:55",5,1);
INSERT INTO `cours` (`id`,`author`,`name`,`content`,`heure_debut`,`heure_fin`,`date`,`created`,`updated`,`matieres_id`,`promotions_id`) VALUES (43,"Morgan Byrd","lacus, varius et, euismod et,","ultricies ligula. Nullam enim. Sed nulla ante, iaculis nec, eleifend non, dapibus rutrum, justo. Praesent luctus. Curabitur egestas nunc sed libero. Proin sed turpis nec mauris blandit mattis. Cras eget nisi dictum augue malesuada malesuada. Integer id magna et ipsum cursus vestibulum. Mauris magna. Duis dignissim tempor arcu. Vestibulum ut","2014-08-28 03:46:58","2015-04-30 06:18:12","14-05-21","2013-12-05 22:29:09","2014-07-25 18:43:52",1,2);
INSERT INTO `cours` (`id`,`author`,`name`,`content`,`heure_debut`,`heure_fin`,`date`,`created`,`updated`,`matieres_id`,`promotions_id`) VALUES (44,"Bree Gutierrez","eros. Nam consequat dolor vitae","Praesent eu dui. Cum sociis natoque penatibus et magnis dis parturient montes, nascetur ridiculus mus. Aenean eget magna. Suspendisse tristique neque venenatis lacus. Etiam bibendum fermentum metus. Aenean sed pede nec ante blandit viverra. Donec tempus, lorem fringilla ornare placerat, orci lacus vestibulum lorem, sit amet ultricies sem magna nec","2013-10-07 17:43:09","2015-02-08 22:04:26","13-06-19","2014-05-08 13:55:00","2014-11-05 18:30:29",5,1);
INSERT INTO `cours` (`id`,`author`,`name`,`content`,`heure_debut`,`heure_fin`,`date`,`created`,`updated`,`matieres_id`,`promotions_id`) VALUES (45,"Rebekah Torres","parturient montes, nascetur ridiculus mus.","condimentum. Donec at arcu. Vestibulum ante ipsum primis in faucibus orci luctus et ultrices posuere cubilia Curae; Donec tincidunt. Donec vitae erat vel pede blandit congue. In scelerisque scelerisque dui. Suspendisse ac metus vitae velit egestas lacinia. Sed congue, elit sed consequat auctor, nunc nulla vulputate dui, nec tempus mauris","2015-03-08 12:44:40","2014-04-18 06:15:06","13-08-31","2013-12-23 16:10:11","2015-01-12 04:43:05",3,3);
INSERT INTO `cours` (`id`,`author`,`name`,`content`,`heure_debut`,`heure_fin`,`date`,`created`,`updated`,`matieres_id`,`promotions_id`) VALUES (46,"Eliana Dunlap","dolor. Quisque tincidunt pede ac","tortor. Nunc commodo auctor velit. Aliquam nisl. Nulla eu neque pellentesque massa lobortis ultrices. Vivamus rhoncus. Donec est. Nunc ullamcorper, velit in aliquet lobortis, nisi nibh lacinia orci, consectetuer euismod est arcu ac orci. Ut semper pretium neque. Morbi quis urna. Nunc quis arcu vel quam dignissim pharetra. Nam ac","2014-07-03 12:33:03","2014-03-03 06:14:08","15-03-16","2014-01-25 16:31:28","2014-04-25 12:43:09",9,4);
INSERT INTO `cours` (`id`,`author`,`name`,`content`,`heure_debut`,`heure_fin`,`date`,`created`,`updated`,`matieres_id`,`promotions_id`) VALUES (47,"Jacqueline Burke","enim commodo hendrerit. Donec porttitor","nibh sit amet orci. Ut sagittis lobortis mauris. Suspendisse aliquet molestie tellus. Aenean egestas hendrerit neque. In ornare sagittis felis. Donec tempor, est ac mattis semper, dui lectus rutrum urna, nec luctus felis purus ac tellus. Suspendisse sed dolor. Fusce mi lorem, vehicula et, rutrum eu, ultrices sit amet, risus.","2015-02-02 21:06:45","2014-03-22 05:41:01","15-04-09","2013-07-31 23:53:38","2014-05-07 22:16:06",8,5);
INSERT INTO `cours` (`id`,`author`,`name`,`content`,`heure_debut`,`heure_fin`,`date`,`created`,`updated`,`matieres_id`,`promotions_id`) VALUES (48,"Ayanna Ruiz","diam. Sed diam lorem, auctor","ultrices. Vivamus rhoncus. Donec est. Nunc ullamcorper, velit in aliquet lobortis, nisi nibh lacinia orci, consectetuer euismod est arcu ac orci. Ut semper pretium neque. Morbi quis urna. Nunc quis arcu vel quam dignissim pharetra. Nam ac nulla. In tincidunt congue turpis. In condimentum. Donec at arcu. Vestibulum ante ipsum","2014-05-24 18:38:33","2014-02-03 13:15:49","13-09-12","2015-01-02 11:42:23","2014-01-07 09:32:02",8,2);
INSERT INTO `cours` (`id`,`author`,`name`,`content`,`heure_debut`,`heure_fin`,`date`,`created`,`updated`,`matieres_id`,`promotions_id`) VALUES (49,"Quail Mullen","adipiscing elit. Aliquam auctor, velit","lobortis ultrices. Vivamus rhoncus. Donec est. Nunc ullamcorper, velit in aliquet lobortis, nisi nibh lacinia orci, consectetuer euismod est arcu ac orci. Ut semper pretium neque. Morbi quis urna. Nunc quis arcu vel quam dignissim pharetra. Nam ac nulla. In tincidunt congue turpis. In condimentum. Donec at arcu. Vestibulum ante","2014-06-16 10:16:48","2014-07-23 07:12:02","13-05-17","2013-10-15 16:43:17","2013-12-15 02:19:27",3,4);
INSERT INTO `cours` (`id`,`author`,`name`,`content`,`heure_debut`,`heure_fin`,`date`,`created`,`updated`,`matieres_id`,`promotions_id`) VALUES (50,"Kellie Cabrera","lacinia mattis. Integer eu lacus.","Nullam nisl. Maecenas malesuada fringilla est. Mauris eu turpis. Nulla aliquet. Proin velit. Sed malesuada augue ut lacus. Nulla tincidunt, neque vitae semper egestas, urna justo faucibus lectus, a sollicitudin orci sem eget massa. Suspendisse eleifend. Cras sed leo. Cras vehicula aliquet libero. Integer in magna. Phasellus dolor elit, pellentesque","2014-02-23 23:10:23","2014-04-22 22:36:41","14-09-27","2014-07-09 14:29:35","2013-11-26 19:24:00",3,2);
INSERT INTO `cours` (`id`,`author`,`name`,`content`,`heure_debut`,`heure_fin`,`date`,`created`,`updated`,`matieres_id`,`promotions_id`) VALUES (51,"Rae Maxwell","mollis nec, cursus a, enim.","neque vitae semper egestas, urna justo faucibus lectus, a sollicitudin orci sem eget massa. Suspendisse eleifend. Cras sed leo. Cras vehicula aliquet libero. Integer in magna. Phasellus dolor elit, pellentesque a, facilisis non, bibendum sed, est. Nunc laoreet lectus quis massa. Mauris vestibulum, neque sed dictum eleifend, nunc risus varius","2013-11-10 05:46:47","2014-06-24 06:59:54","14-12-24","2014-12-12 13:28:59","2014-09-15 22:16:06",7,4);
INSERT INTO `cours` (`id`,`author`,`name`,`content`,`heure_debut`,`heure_fin`,`date`,`created`,`updated`,`matieres_id`,`promotions_id`) VALUES (52,"Nayda Meyer","tincidunt aliquam arcu. Aliquam ultrices","cursus luctus, ipsum leo elementum sem, vitae aliquam eros turpis non enim. Mauris quis turpis vitae purus gravida sagittis. Duis gravida. Praesent eu nulla at sem molestie sodales. Mauris blandit enim consequat purus. Maecenas libero est, congue a, aliquet vel, vulputate eu, odio. Phasellus at augue id ante dictum cursus.","2014-08-25 08:44:51","2014-10-30 23:46:03","14-08-20","2013-06-22 03:17:33","2014-11-26 21:33:03",8,5);
INSERT INTO `cours` (`id`,`author`,`name`,`content`,`heure_debut`,`heure_fin`,`date`,`created`,`updated`,`matieres_id`,`promotions_id`) VALUES (53,"Justine Barrera","penatibus et magnis dis parturient","velit justo nec ante. Maecenas mi felis, adipiscing fringilla, porttitor vulputate, posuere vulputate, lacus. Cras interdum. Nunc sollicitudin commodo ipsum. Suspendisse non leo. Vivamus nibh dolor, nonummy ac, feugiat non, lobortis quis, pede. Suspendisse dui. Fusce diam nunc, ullamcorper eu, euismod ac, fermentum vel, mauris. Integer sem elit, pharetra ut,","2013-07-05 01:35:06","2013-10-17 19:11:32","14-12-08","2014-08-02 11:17:19","2014-06-27 11:25:15",10,2);
INSERT INTO `cours` (`id`,`author`,`name`,`content`,`heure_debut`,`heure_fin`,`date`,`created`,`updated`,`matieres_id`,`promotions_id`) VALUES (54,"Bell Ewing","diam vel arcu. Curabitur ut","ullamcorper, nisl arcu iaculis enim, sit amet ornare lectus justo eu arcu. Morbi sit amet massa. Quisque porttitor eros nec tellus. Nunc lectus pede, ultrices a, auctor non, feugiat nec, diam. Duis mi enim, condimentum eget, volutpat ornare, facilisis eget, ipsum. Donec sollicitudin adipiscing ligula. Aenean gravida nunc sed pede.","2014-02-10 06:58:59","2013-09-26 11:47:26","14-10-28","2014-04-12 04:50:45","2013-05-14 02:33:26",3,4);
INSERT INTO `cours` (`id`,`author`,`name`,`content`,`heure_debut`,`heure_fin`,`date`,`created`,`updated`,`matieres_id`,`promotions_id`) VALUES (55,"Cherokee Gould","Nullam ut nisi a odio","mauris sit amet lorem semper auctor. Mauris vel turpis. Aliquam adipiscing lobortis risus. In mi pede, nonummy ut, molestie in, tempus eu, ligula. Aenean euismod mauris eu elit. Nulla facilisi. Sed neque. Sed eget lacus. Mauris non dui nec urna suscipit nonummy. Fusce fermentum fermentum arcu. Vestibulum ante ipsum primis","2014-08-21 23:06:57","2014-05-28 18:24:01","13-10-18","2014-07-16 06:07:34","2014-07-28 05:59:50",7,2);
INSERT INTO `cours` (`id`,`author`,`name`,`content`,`heure_debut`,`heure_fin`,`date`,`created`,`updated`,`matieres_id`,`promotions_id`) VALUES (56,"Dominique Evans","vitae odio sagittis semper. Nam","lorem. Donec elementum, lorem ut aliquam iaculis, lacus pede sagittis augue, eu tempor erat neque non quam. Pellentesque habitant morbi tristique senectus et netus et malesuada fames ac turpis egestas. Aliquam fringilla cursus purus. Nullam scelerisque neque sed sem egestas blandit. Nam nulla magna, malesuada vel, convallis in, cursus et,","2015-02-27 12:58:15","2013-12-27 23:58:03","14-03-30","2014-07-03 12:22:45","2014-05-12 04:18:30",4,4);
INSERT INTO `cours` (`id`,`author`,`name`,`content`,`heure_debut`,`heure_fin`,`date`,`created`,`updated`,`matieres_id`,`promotions_id`) VALUES (57,"Ella Cantu","et, commodo at, libero. Morbi","lobortis, nisi nibh lacinia orci, consectetuer euismod est arcu ac orci. Ut semper pretium neque. Morbi quis urna. Nunc quis arcu vel quam dignissim pharetra. Nam ac nulla. In tincidunt congue turpis. In condimentum. Donec at arcu. Vestibulum ante ipsum primis in faucibus orci luctus et ultrices posuere cubilia Curae;","2014-01-23 08:07:42","2014-01-07 04:50:19","15-02-19","2015-01-14 06:13:15","2013-08-06 03:56:30",3,5);
INSERT INTO `cours` (`id`,`author`,`name`,`content`,`heure_debut`,`heure_fin`,`date`,`created`,`updated`,`matieres_id`,`promotions_id`) VALUES (58,"Aimee Stevens","sit amet lorem semper auctor.","Morbi accumsan laoreet ipsum. Curabitur consequat, lectus sit amet luctus vulputate, nisi sem semper erat, in consectetuer ipsum nunc id enim. Curabitur massa. Vestibulum accumsan neque et nunc. Quisque ornare tortor at risus. Nunc ac sem ut dolor dapibus gravida. Aliquam tincidunt, nunc ac mattis ornare, lectus ante dictum mi,","2013-06-06 22:57:41","2013-06-01 14:31:10","14-08-19","2015-02-07 07:21:28","2014-09-26 15:56:27",9,5);
INSERT INTO `cours` (`id`,`author`,`name`,`content`,`heure_debut`,`heure_fin`,`date`,`created`,`updated`,`matieres_id`,`promotions_id`) VALUES (59,"Shafira Nelson","eget, volutpat ornare, facilisis eget,","dolor, tempus non, lacinia at, iaculis quis, pede. Praesent eu dui. Cum sociis natoque penatibus et magnis dis parturient montes, nascetur ridiculus mus. Aenean eget magna. Suspendisse tristique neque venenatis lacus. Etiam bibendum fermentum metus. Aenean sed pede nec ante blandit viverra. Donec tempus, lorem fringilla ornare placerat, orci lacus","2014-01-11 19:08:27","2014-05-21 00:24:28","13-09-05","2014-10-10 18:00:54","2013-11-21 18:16:41",6,2);
INSERT INTO `cours` (`id`,`author`,`name`,`content`,`heure_debut`,`heure_fin`,`date`,`created`,`updated`,`matieres_id`,`promotions_id`) VALUES (60,"Leah Hodge","imperdiet, erat nonummy ultricies ornare,","ac libero nec ligula consectetuer rhoncus. Nullam velit dui, semper et, lacinia vitae, sodales at, velit. Pellentesque ultricies dignissim lacus. Aliquam rutrum lorem ac risus. Morbi metus. Vivamus euismod urna. Nullam lobortis quam a felis ullamcorper viverra. Maecenas iaculis aliquet diam. Sed diam lorem, auctor quis, tristique ac, eleifend vitae,","2014-02-03 03:53:07","2013-08-27 10:08:48","14-01-16","2014-05-25 16:20:01","2013-09-16 14:32:15",8,5);
INSERT INTO `cours` (`id`,`author`,`name`,`content`,`heure_debut`,`heure_fin`,`date`,`created`,`updated`,`matieres_id`,`promotions_id`) VALUES (61,"Halla May","non enim commodo hendrerit. Donec","gravida non, sollicitudin a, malesuada id, erat. Etiam vestibulum massa rutrum magna. Cras convallis convallis dolor. Quisque tincidunt pede ac urna. Ut tincidunt vehicula risus. Nulla eget metus eu erat semper rutrum. Fusce dolor quam, elementum at, egestas a, scelerisque sed, sapien. Nunc pulvinar arcu et pede. Nunc sed orci","2015-04-20 22:00:59","2014-05-15 21:06:51","14-06-02","2013-10-19 22:26:29","2013-06-27 18:33:58",7,4);
INSERT INTO `cours` (`id`,`author`,`name`,`content`,`heure_debut`,`heure_fin`,`date`,`created`,`updated`,`matieres_id`,`promotions_id`) VALUES (62,"Jamalia Mclean","Class aptent taciti sociosqu ad","lorem, sit amet ultricies sem magna nec quam. Curabitur vel lectus. Cum sociis natoque penatibus et magnis dis parturient montes, nascetur ridiculus mus. Donec dignissim magna a tortor. Nunc commodo auctor velit. Aliquam nisl. Nulla eu neque pellentesque massa lobortis ultrices. Vivamus rhoncus. Donec est. Nunc ullamcorper, velit in aliquet","2013-12-06 12:21:38","2014-09-16 07:48:02","15-03-06","2014-04-25 17:15:38","2013-12-22 18:10:49",4,3);
INSERT INTO `cours` (`id`,`author`,`name`,`content`,`heure_debut`,`heure_fin`,`date`,`created`,`updated`,`matieres_id`,`promotions_id`) VALUES (63,"Lois Levy","et, commodo at, libero. Morbi","aliquet, sem ut cursus luctus, ipsum leo elementum sem, vitae aliquam eros turpis non enim. Mauris quis turpis vitae purus gravida sagittis. Duis gravida. Praesent eu nulla at sem molestie sodales. Mauris blandit enim consequat purus. Maecenas libero est, congue a, aliquet vel, vulputate eu, odio. Phasellus at augue id","2014-02-01 14:47:05","2014-09-30 16:02:26","13-09-14","2013-12-04 21:51:15","2014-10-23 12:19:50",9,2);
INSERT INTO `cours` (`id`,`author`,`name`,`content`,`heure_debut`,`heure_fin`,`date`,`created`,`updated`,`matieres_id`,`promotions_id`) VALUES (64,"Aretha Elliott","ultrices posuere cubilia Curae; Donec","nisl arcu iaculis enim, sit amet ornare lectus justo eu arcu. Morbi sit amet massa. Quisque porttitor eros nec tellus. Nunc lectus pede, ultrices a, auctor non, feugiat nec, diam. Duis mi enim, condimentum eget, volutpat ornare, facilisis eget, ipsum. Donec sollicitudin adipiscing ligula. Aenean gravida nunc sed pede. Cum","2013-10-03 16:43:51","2014-06-29 18:25:08","14-02-20","2013-09-23 07:12:40","2014-04-07 08:18:24",6,2);
INSERT INTO `cours` (`id`,`author`,`name`,`content`,`heure_debut`,`heure_fin`,`date`,`created`,`updated`,`matieres_id`,`promotions_id`) VALUES (65,"Brielle King","augue ac ipsum. Phasellus vitae","Duis mi enim, condimentum eget, volutpat ornare, facilisis eget, ipsum. Donec sollicitudin adipiscing ligula. Aenean gravida nunc sed pede. Cum sociis natoque penatibus et magnis dis parturient montes, nascetur ridiculus mus. Proin vel arcu eu odio tristique pharetra. Quisque ac libero nec ligula consectetuer rhoncus. Nullam velit dui, semper et,","2014-10-01 21:00:11","2014-09-30 16:17:08","14-09-04","2014-09-22 16:09:25","2013-11-21 07:51:08",9,1);
INSERT INTO `cours` (`id`,`author`,`name`,`content`,`heure_debut`,`heure_fin`,`date`,`created`,`updated`,`matieres_id`,`promotions_id`) VALUES (66,"Basia Mcdonald","egestas lacinia. Sed congue, elit","nec, mollis vitae, posuere at, velit. Cras lorem lorem, luctus ut, pellentesque eget, dictum placerat, augue. Sed molestie. Sed id risus quis diam luctus lobortis. Class aptent taciti sociosqu ad litora torquent per conubia nostra, per inceptos hymenaeos. Mauris ut quam vel sapien imperdiet ornare. In faucibus. Morbi vehicula. Pellentesque","2014-06-02 08:36:38","2013-05-14 03:41:08","13-10-14","2013-07-27 23:41:49","2014-04-15 09:00:14",3,5);
INSERT INTO `cours` (`id`,`author`,`name`,`content`,`heure_debut`,`heure_fin`,`date`,`created`,`updated`,`matieres_id`,`promotions_id`) VALUES (67,"Mia Hayes","euismod est arcu ac orci.","at, iaculis quis, pede. Praesent eu dui. Cum sociis natoque penatibus et magnis dis parturient montes, nascetur ridiculus mus. Aenean eget magna. Suspendisse tristique neque venenatis lacus. Etiam bibendum fermentum metus. Aenean sed pede nec ante blandit viverra. Donec tempus, lorem fringilla ornare placerat, orci lacus vestibulum lorem, sit amet","2014-03-19 23:40:06","2015-03-15 11:11:31","13-10-17","2013-09-10 18:23:22","2014-02-27 02:33:34",9,5);
INSERT INTO `cours` (`id`,`author`,`name`,`content`,`heure_debut`,`heure_fin`,`date`,`created`,`updated`,`matieres_id`,`promotions_id`) VALUES (68,"Kyra Moore","tempor augue ac ipsum. Phasellus","urna, nec luctus felis purus ac tellus. Suspendisse sed dolor. Fusce mi lorem, vehicula et, rutrum eu, ultrices sit amet, risus. Donec nibh enim, gravida sit amet, dapibus id, blandit at, nisi. Cum sociis natoque penatibus et magnis dis parturient montes, nascetur ridiculus mus. Proin vel nisl. Quisque fringilla euismod","2013-12-17 00:27:51","2015-04-30 22:53:46","13-07-02","2013-12-29 17:18:47","2015-04-27 03:25:22",7,2);
INSERT INTO `cours` (`id`,`author`,`name`,`content`,`heure_debut`,`heure_fin`,`date`,`created`,`updated`,`matieres_id`,`promotions_id`) VALUES (69,"Imogene Sears","Donec tincidunt. Donec vitae erat","egestas a, scelerisque sed, sapien. Nunc pulvinar arcu et pede. Nunc sed orci lobortis augue scelerisque mollis. Phasellus libero mauris, aliquam eu, accumsan sed, facilisis vitae, orci. Phasellus dapibus quam quis diam. Pellentesque habitant morbi tristique senectus et netus et malesuada fames ac turpis egestas. Fusce aliquet magna a neque.","2013-09-26 00:55:36","2014-06-28 08:01:46","13-10-04","2014-12-01 17:32:17","2014-07-20 18:11:07",6,4);
INSERT INTO `cours` (`id`,`author`,`name`,`content`,`heure_debut`,`heure_fin`,`date`,`created`,`updated`,`matieres_id`,`promotions_id`) VALUES (70,"Lunea Vang","vitae, erat. Vivamus nisi. Mauris","facilisis eget, ipsum. Donec sollicitudin adipiscing ligula. Aenean gravida nunc sed pede. Cum sociis natoque penatibus et magnis dis parturient montes, nascetur ridiculus mus. Proin vel arcu eu odio tristique pharetra. Quisque ac libero nec ligula consectetuer rhoncus. Nullam velit dui, semper et, lacinia vitae, sodales at, velit. Pellentesque ultricies","2014-08-26 22:24:43","2014-01-17 20:25:28","14-03-11","2015-01-30 19:05:57","2014-05-03 03:51:18",9,4);
INSERT INTO `cours` (`id`,`author`,`name`,`content`,`heure_debut`,`heure_fin`,`date`,`created`,`updated`,`matieres_id`,`promotions_id`) VALUES (71,"Cheyenne Franklin","augue porttitor interdum. Sed auctor","dictum augue malesuada malesuada. Integer id magna et ipsum cursus vestibulum. Mauris magna. Duis dignissim tempor arcu. Vestibulum ut eros non enim commodo hendrerit. Donec porttitor tellus non magna. Nam ligula elit, pretium et, rutrum non, hendrerit id, ante. Nunc mauris sapien, cursus in, hendrerit consectetuer, cursus et, magna. Praesent","2014-02-24 18:19:09","2014-09-14 15:50:16","14-11-17","2015-02-17 16:24:32","2014-04-05 07:14:46",8,4);
INSERT INTO `cours` (`id`,`author`,`name`,`content`,`heure_debut`,`heure_fin`,`date`,`created`,`updated`,`matieres_id`,`promotions_id`) VALUES (72,"Larissa Pace","pede. Nunc sed orci lobortis","Fusce aliquam, enim nec tempus scelerisque, lorem ipsum sodales purus, in molestie tortor nibh sit amet orci. Ut sagittis lobortis mauris. Suspendisse aliquet molestie tellus. Aenean egestas hendrerit neque. In ornare sagittis felis. Donec tempor, est ac mattis semper, dui lectus rutrum urna, nec luctus felis purus ac tellus. Suspendisse","2014-07-08 22:45:25","2014-10-19 04:12:11","13-09-26","2014-11-12 05:11:35","2013-10-31 00:32:13",2,2);
INSERT INTO `cours` (`id`,`author`,`name`,`content`,`heure_debut`,`heure_fin`,`date`,`created`,`updated`,`matieres_id`,`promotions_id`) VALUES (73,"Rana Moody","magna. Phasellus dolor elit, pellentesque","Cras pellentesque. Sed dictum. Proin eget odio. Aliquam vulputate ullamcorper magna. Sed eu eros. Nam consequat dolor vitae dolor. Donec fringilla. Donec feugiat metus sit amet ante. Vivamus non lorem vitae odio sagittis semper. Nam tempor diam dictum sapien. Aenean massa. Integer vitae nibh. Donec est mauris, rhoncus id, mollis","2014-06-08 03:30:24","2014-08-11 08:15:39","14-03-15","2013-11-29 07:55:21","2013-06-18 06:45:50",10,4);
INSERT INTO `cours` (`id`,`author`,`name`,`content`,`heure_debut`,`heure_fin`,`date`,`created`,`updated`,`matieres_id`,`promotions_id`) VALUES (74,"Sacha Benton","justo. Praesent luctus. Curabitur egestas","nunc id enim. Curabitur massa. Vestibulum accumsan neque et nunc. Quisque ornare tortor at risus. Nunc ac sem ut dolor dapibus gravida. Aliquam tincidunt, nunc ac mattis ornare, lectus ante dictum mi, ac mattis velit justo nec ante. Maecenas mi felis, adipiscing fringilla, porttitor vulputate, posuere vulputate, lacus. Cras interdum.","2013-06-27 03:02:22","2013-10-27 01:55:54","14-01-29","2014-07-21 11:58:42","2014-05-18 08:34:22",5,4);
INSERT INTO `cours` (`id`,`author`,`name`,`content`,`heure_debut`,`heure_fin`,`date`,`created`,`updated`,`matieres_id`,`promotions_id`) VALUES (75,"Jordan Sharp","Nam tempor diam dictum sapien.","eget nisi dictum augue malesuada malesuada. Integer id magna et ipsum cursus vestibulum. Mauris magna. Duis dignissim tempor arcu. Vestibulum ut eros non enim commodo hendrerit. Donec porttitor tellus non magna. Nam ligula elit, pretium et, rutrum non, hendrerit id, ante. Nunc mauris sapien, cursus in, hendrerit consectetuer, cursus et,","2014-03-26 21:33:13","2013-08-28 15:59:14","14-11-24","2015-01-06 23:48:41","2013-07-23 06:12:25",3,4);
INSERT INTO `cours` (`id`,`author`,`name`,`content`,`heure_debut`,`heure_fin`,`date`,`created`,`updated`,`matieres_id`,`promotions_id`) VALUES (76,"Blaine Woods","ac, eleifend vitae, erat. Vivamus","eleifend vitae, erat. Vivamus nisi. Mauris nulla. Integer urna. Vivamus molestie dapibus ligula. Aliquam erat volutpat. Nulla dignissim. Maecenas ornare egestas ligula. Nullam feugiat placerat velit. Quisque varius. Nam porttitor scelerisque neque. Nullam nisl. Maecenas malesuada fringilla est. Mauris eu turpis. Nulla aliquet. Proin velit. Sed malesuada augue ut lacus.","2014-01-06 18:53:48","2013-11-20 05:39:57","14-06-06","2014-06-27 10:04:46","2014-05-02 16:15:49",2,2);
INSERT INTO `cours` (`id`,`author`,`name`,`content`,`heure_debut`,`heure_fin`,`date`,`created`,`updated`,`matieres_id`,`promotions_id`) VALUES (77,"Lynn Cardenas","velit dui, semper et, lacinia","molestie arcu. Sed eu nibh vulputate mauris sagittis placerat. Cras dictum ultricies ligula. Nullam enim. Sed nulla ante, iaculis nec, eleifend non, dapibus rutrum, justo. Praesent luctus. Curabitur egestas nunc sed libero. Proin sed turpis nec mauris blandit mattis. Cras eget nisi dictum augue malesuada malesuada. Integer id magna et","2013-09-15 17:27:11","2015-03-06 20:52:26","13-10-13","2014-09-24 13:36:26","2015-03-26 14:32:07",2,3);
INSERT INTO `cours` (`id`,`author`,`name`,`content`,`heure_debut`,`heure_fin`,`date`,`created`,`updated`,`matieres_id`,`promotions_id`) VALUES (78,"Ariana Burch","Sed eget lacus. Mauris non","ac mi eleifend egestas. Sed pharetra, felis eget varius ultrices, mauris ipsum porta elit, a feugiat tellus lorem eu metus. In lorem. Donec elementum, lorem ut aliquam iaculis, lacus pede sagittis augue, eu tempor erat neque non quam. Pellentesque habitant morbi tristique senectus et netus et malesuada fames ac turpis","2014-10-19 06:57:48","2014-06-08 02:46:30","14-06-28","2014-02-27 08:15:20","2013-06-09 12:57:23",5,5);
INSERT INTO `cours` (`id`,`author`,`name`,`content`,`heure_debut`,`heure_fin`,`date`,`created`,`updated`,`matieres_id`,`promotions_id`) VALUES (79,"Iliana Maxwell","interdum ligula eu enim. Etiam","mattis velit justo nec ante. Maecenas mi felis, adipiscing fringilla, porttitor vulputate, posuere vulputate, lacus. Cras interdum. Nunc sollicitudin commodo ipsum. Suspendisse non leo. Vivamus nibh dolor, nonummy ac, feugiat non, lobortis quis, pede. Suspendisse dui. Fusce diam nunc, ullamcorper eu, euismod ac, fermentum vel, mauris. Integer sem elit, pharetra","2014-02-13 14:06:20","2014-05-02 20:27:08","13-10-25","2014-09-02 00:43:37","2015-03-25 17:56:05",10,4);
INSERT INTO `cours` (`id`,`author`,`name`,`content`,`heure_debut`,`heure_fin`,`date`,`created`,`updated`,`matieres_id`,`promotions_id`) VALUES (80,"Kylynn Koch","ipsum nunc id enim. Curabitur","euismod urna. Nullam lobortis quam a felis ullamcorper viverra. Maecenas iaculis aliquet diam. Sed diam lorem, auctor quis, tristique ac, eleifend vitae, erat. Vivamus nisi. Mauris nulla. Integer urna. Vivamus molestie dapibus ligula. Aliquam erat volutpat. Nulla dignissim. Maecenas ornare egestas ligula. Nullam feugiat placerat velit. Quisque varius. Nam porttitor","2015-02-25 18:27:49","2014-11-11 13:46:30","13-10-17","2013-07-05 00:38:08","2015-03-08 01:51:53",8,2);
INSERT INTO `cours` (`id`,`author`,`name`,`content`,`heure_debut`,`heure_fin`,`date`,`created`,`updated`,`matieres_id`,`promotions_id`) VALUES (81,"Adara Baker","turpis egestas. Aliquam fringilla cursus","Aenean massa. Integer vitae nibh. Donec est mauris, rhoncus id, mollis nec, cursus a, enim. Suspendisse aliquet, sem ut cursus luctus, ipsum leo elementum sem, vitae aliquam eros turpis non enim. Mauris quis turpis vitae purus gravida sagittis. Duis gravida. Praesent eu nulla at sem molestie sodales. Mauris blandit enim","2013-12-15 13:50:36","2015-04-21 17:45:53","13-08-27","2014-03-28 20:12:43","2014-07-12 12:50:37",3,1);
INSERT INTO `cours` (`id`,`author`,`name`,`content`,`heure_debut`,`heure_fin`,`date`,`created`,`updated`,`matieres_id`,`promotions_id`) VALUES (82,"Aspen Horne","dui. Cras pellentesque. Sed dictum.","nunc ac mattis ornare, lectus ante dictum mi, ac mattis velit justo nec ante. Maecenas mi felis, adipiscing fringilla, porttitor vulputate, posuere vulputate, lacus. Cras interdum. Nunc sollicitudin commodo ipsum. Suspendisse non leo. Vivamus nibh dolor, nonummy ac, feugiat non, lobortis quis, pede. Suspendisse dui. Fusce diam nunc, ullamcorper eu,","2015-02-09 23:04:33","2014-03-09 04:01:33","13-05-20","2013-08-24 16:43:16","2014-07-08 12:18:08",6,2);
INSERT INTO `cours` (`id`,`author`,`name`,`content`,`heure_debut`,`heure_fin`,`date`,`created`,`updated`,`matieres_id`,`promotions_id`) VALUES (83,"Rina Flores","luctus ut, pellentesque eget, dictum","adipiscing, enim mi tempor lorem, eget mollis lectus pede et risus. Quisque libero lacus, varius et, euismod et, commodo at, libero. Morbi accumsan laoreet ipsum. Curabitur consequat, lectus sit amet luctus vulputate, nisi sem semper erat, in consectetuer ipsum nunc id enim. Curabitur massa. Vestibulum accumsan neque et nunc. Quisque","2013-09-21 07:32:24","2013-07-09 20:03:36","15-04-24","2014-07-03 04:30:09","2014-11-17 00:45:59",5,1);
INSERT INTO `cours` (`id`,`author`,`name`,`content`,`heure_debut`,`heure_fin`,`date`,`created`,`updated`,`matieres_id`,`promotions_id`) VALUES (84,"Rachel Hess","pharetra ut, pharetra sed, hendrerit","eget lacus. Mauris non dui nec urna suscipit nonummy. Fusce fermentum fermentum arcu. Vestibulum ante ipsum primis in faucibus orci luctus et ultrices posuere cubilia Curae; Phasellus ornare. Fusce mollis. Duis sit amet diam eu dolor egestas rhoncus. Proin nisl sem, consequat nec, mollis vitae, posuere at, velit. Cras lorem","2013-10-14 16:29:40","2015-04-06 10:43:40","14-10-12","2013-11-13 13:25:50","2014-01-07 12:28:47",3,2);
INSERT INTO `cours` (`id`,`author`,`name`,`content`,`heure_debut`,`heure_fin`,`date`,`created`,`updated`,`matieres_id`,`promotions_id`) VALUES (85,"Martha Kirby","auctor odio a purus. Duis","lobortis augue scelerisque mollis. Phasellus libero mauris, aliquam eu, accumsan sed, facilisis vitae, orci. Phasellus dapibus quam quis diam. Pellentesque habitant morbi tristique senectus et netus et malesuada fames ac turpis egestas. Fusce aliquet magna a neque. Nullam ut nisi a odio semper cursus. Integer mollis. Integer tincidunt aliquam arcu.","2014-11-19 18:39:47","2013-07-21 15:54:35","14-02-06","2013-10-28 20:24:04","2013-10-10 13:26:58",2,1);
INSERT INTO `cours` (`id`,`author`,`name`,`content`,`heure_debut`,`heure_fin`,`date`,`created`,`updated`,`matieres_id`,`promotions_id`) VALUES (86,"Mia Dickson","scelerisque neque. Nullam nisl. Maecenas","diam eu dolor egestas rhoncus. Proin nisl sem, consequat nec, mollis vitae, posuere at, velit. Cras lorem lorem, luctus ut, pellentesque eget, dictum placerat, augue. Sed molestie. Sed id risus quis diam luctus lobortis. Class aptent taciti sociosqu ad litora torquent per conubia nostra, per inceptos hymenaeos. Mauris ut quam","2015-01-08 10:18:43","2013-06-29 00:21:54","13-09-29","2014-07-09 01:39:40","2015-04-11 10:17:08",5,2);
INSERT INTO `cours` (`id`,`author`,`name`,`content`,`heure_debut`,`heure_fin`,`date`,`created`,`updated`,`matieres_id`,`promotions_id`) VALUES (87,"Casey Osborne","fermentum convallis ligula. Donec luctus","tempor lorem, eget mollis lectus pede et risus. Quisque libero lacus, varius et, euismod et, commodo at, libero. Morbi accumsan laoreet ipsum. Curabitur consequat, lectus sit amet luctus vulputate, nisi sem semper erat, in consectetuer ipsum nunc id enim. Curabitur massa. Vestibulum accumsan neque et nunc. Quisque ornare tortor at","2014-02-01 12:05:16","2014-10-13 02:58:47","14-10-29","2014-11-20 19:52:51","2014-10-27 22:44:17",10,3);
INSERT INTO `cours` (`id`,`author`,`name`,`content`,`heure_debut`,`heure_fin`,`date`,`created`,`updated`,`matieres_id`,`promotions_id`) VALUES (88,"Serena Booth","nibh. Aliquam ornare, libero at","torquent per conubia nostra, per inceptos hymenaeos. Mauris ut quam vel sapien imperdiet ornare. In faucibus. Morbi vehicula. Pellentesque tincidunt tempus risus. Donec egestas. Duis ac arcu. Nunc mauris. Morbi non sapien molestie orci tincidunt adipiscing. Mauris molestie pharetra nibh. Aliquam ornare, libero at auctor ullamcorper, nisl arcu iaculis enim,","2015-04-30 22:29:56","2015-01-28 04:04:34","14-01-31","2013-06-18 21:58:46","2013-05-10 15:40:01",9,3);
INSERT INTO `cours` (`id`,`author`,`name`,`content`,`heure_debut`,`heure_fin`,`date`,`created`,`updated`,`matieres_id`,`promotions_id`) VALUES (89,"Fatima Brewer","non, egestas a, dui. Cras","dui, nec tempus mauris erat eget ipsum. Suspendisse sagittis. Nullam vitae diam. Proin dolor. Nulla semper tellus id nunc interdum feugiat. Sed nec metus facilisis lorem tristique aliquet. Phasellus fermentum convallis ligula. Donec luctus aliquet odio. Etiam ligula tortor, dictum eu, placerat eget, venenatis a, magna. Lorem ipsum dolor sit","2013-05-27 01:23:47","2013-11-15 09:25:52","15-01-22","2014-07-15 08:35:29","2015-02-09 21:41:29",3,3);
INSERT INTO `cours` (`id`,`author`,`name`,`content`,`heure_debut`,`heure_fin`,`date`,`created`,`updated`,`matieres_id`,`promotions_id`) VALUES (90,"Alea Casey","pede sagittis augue, eu tempor","scelerisque mollis. Phasellus libero mauris, aliquam eu, accumsan sed, facilisis vitae, orci. Phasellus dapibus quam quis diam. Pellentesque habitant morbi tristique senectus et netus et malesuada fames ac turpis egestas. Fusce aliquet magna a neque. Nullam ut nisi a odio semper cursus. Integer mollis. Integer tincidunt aliquam arcu. Aliquam ultrices","2014-01-31 12:14:32","2014-06-07 18:19:03","14-05-26","2014-04-22 02:15:39","2014-12-24 13:09:27",2,2);
INSERT INTO `cours` (`id`,`author`,`name`,`content`,`heure_debut`,`heure_fin`,`date`,`created`,`updated`,`matieres_id`,`promotions_id`) VALUES (91,"Camilla King","urna suscipit nonummy. Fusce fermentum","nunc id enim. Curabitur massa. Vestibulum accumsan neque et nunc. Quisque ornare tortor at risus. Nunc ac sem ut dolor dapibus gravida. Aliquam tincidunt, nunc ac mattis ornare, lectus ante dictum mi, ac mattis velit justo nec ante. Maecenas mi felis, adipiscing fringilla, porttitor vulputate, posuere vulputate, lacus. Cras interdum.","2015-02-15 02:33:21","2013-12-03 16:33:43","14-06-25","2013-06-22 17:53:09","2013-11-04 17:43:01",2,4);
INSERT INTO `cours` (`id`,`author`,`name`,`content`,`heure_debut`,`heure_fin`,`date`,`created`,`updated`,`matieres_id`,`promotions_id`) VALUES (92,"Hayley Odom","ut, pellentesque eget, dictum placerat,","iaculis quis, pede. Praesent eu dui. Cum sociis natoque penatibus et magnis dis parturient montes, nascetur ridiculus mus. Aenean eget magna. Suspendisse tristique neque venenatis lacus. Etiam bibendum fermentum metus. Aenean sed pede nec ante blandit viverra. Donec tempus, lorem fringilla ornare placerat, orci lacus vestibulum lorem, sit amet ultricies","2014-02-15 06:02:31","2014-02-08 21:59:42","14-04-14","2015-04-25 11:23:41","2014-12-15 18:42:59",7,1);
INSERT INTO `cours` (`id`,`author`,`name`,`content`,`heure_debut`,`heure_fin`,`date`,`created`,`updated`,`matieres_id`,`promotions_id`) VALUES (93,"Veronica Valentine","Phasellus vitae mauris sit amet","lacus. Nulla tincidunt, neque vitae semper egestas, urna justo faucibus lectus, a sollicitudin orci sem eget massa. Suspendisse eleifend. Cras sed leo. Cras vehicula aliquet libero. Integer in magna. Phasellus dolor elit, pellentesque a, facilisis non, bibendum sed, est. Nunc laoreet lectus quis massa. Mauris vestibulum, neque sed dictum eleifend,","2013-11-11 12:38:34","2014-07-20 20:57:40","14-06-08","2014-05-05 07:00:04","2014-09-02 15:44:36",2,4);
INSERT INTO `cours` (`id`,`author`,`name`,`content`,`heure_debut`,`heure_fin`,`date`,`created`,`updated`,`matieres_id`,`promotions_id`) VALUES (94,"Simone Molina","nulla ante, iaculis nec, eleifend","ac turpis egestas. Aliquam fringilla cursus purus. Nullam scelerisque neque sed sem egestas blandit. Nam nulla magna, malesuada vel, convallis in, cursus et, eros. Proin ultrices. Duis volutpat nunc sit amet metus. Aliquam erat volutpat. Nulla facilisis. Suspendisse commodo tincidunt nibh. Phasellus nulla. Integer vulputate, risus a ultricies adipiscing, enim","2013-08-26 22:07:05","2014-08-23 16:18:23","14-03-12","2013-07-29 11:10:08","2013-07-31 20:18:21",7,3);
INSERT INTO `cours` (`id`,`author`,`name`,`content`,`heure_debut`,`heure_fin`,`date`,`created`,`updated`,`matieres_id`,`promotions_id`) VALUES (95,"Angela Prince","Cras eu tellus eu augue","laoreet ipsum. Curabitur consequat, lectus sit amet luctus vulputate, nisi sem semper erat, in consectetuer ipsum nunc id enim. Curabitur massa. Vestibulum accumsan neque et nunc. Quisque ornare tortor at risus. Nunc ac sem ut dolor dapibus gravida. Aliquam tincidunt, nunc ac mattis ornare, lectus ante dictum mi, ac mattis","2014-03-29 20:48:10","2015-01-12 20:13:07","14-06-16","2014-08-22 03:34:50","2013-08-22 09:28:20",1,4);
INSERT INTO `cours` (`id`,`author`,`name`,`content`,`heure_debut`,`heure_fin`,`date`,`created`,`updated`,`matieres_id`,`promotions_id`) VALUES (96,"Stephanie Hawkins","justo. Proin non massa non","non justo. Proin non massa non ante bibendum ullamcorper. Duis cursus, diam at pretium aliquet, metus urna convallis erat, eget tincidunt dui augue eu tellus. Phasellus elit pede, malesuada vel, venenatis vel, faucibus id, libero. Donec consectetuer mauris id sapien. Cras dolor dolor, tempus non, lacinia at, iaculis quis, pede.","2013-12-14 10:30:57","2014-03-05 21:01:43","14-02-01","2013-11-17 08:19:26","2014-02-02 05:15:29",9,4);
INSERT INTO `cours` (`id`,`author`,`name`,`content`,`heure_debut`,`heure_fin`,`date`,`created`,`updated`,`matieres_id`,`promotions_id`) VALUES (97,"Dominique Rose","Nulla eget metus eu erat","est arcu ac orci. Ut semper pretium neque. Morbi quis urna. Nunc quis arcu vel quam dignissim pharetra. Nam ac nulla. In tincidunt congue turpis. In condimentum. Donec at arcu. Vestibulum ante ipsum primis in faucibus orci luctus et ultrices posuere cubilia Curae; Donec tincidunt. Donec vitae erat vel pede","2014-08-06 08:47:34","2013-10-15 22:35:47","13-09-20","2013-12-30 18:40:30","2014-03-06 02:41:45",4,4);
INSERT INTO `cours` (`id`,`author`,`name`,`content`,`heure_debut`,`heure_fin`,`date`,`created`,`updated`,`matieres_id`,`promotions_id`) VALUES (98,"Wanda Flynn","augue id ante dictum cursus.","nisi. Cum sociis natoque penatibus et magnis dis parturient montes, nascetur ridiculus mus. Proin vel nisl. Quisque fringilla euismod enim. Etiam gravida molestie arcu. Sed eu nibh vulputate mauris sagittis placerat. Cras dictum ultricies ligula. Nullam enim. Sed nulla ante, iaculis nec, eleifend non, dapibus rutrum, justo. Praesent luctus. Curabitur","2014-03-02 15:44:27","2014-02-11 18:52:01","14-10-13","2013-09-16 13:13:59","2014-06-28 02:10:34",1,4);
INSERT INTO `cours` (`id`,`author`,`name`,`content`,`heure_debut`,`heure_fin`,`date`,`created`,`updated`,`matieres_id`,`promotions_id`) VALUES (99,"Risa Zamora","a, magna. Lorem ipsum dolor","Proin velit. Sed malesuada augue ut lacus. Nulla tincidunt, neque vitae semper egestas, urna justo faucibus lectus, a sollicitudin orci sem eget massa. Suspendisse eleifend. Cras sed leo. Cras vehicula aliquet libero. Integer in magna. Phasellus dolor elit, pellentesque a, facilisis non, bibendum sed, est. Nunc laoreet lectus quis massa.","2014-09-20 05:26:26","2014-10-01 22:44:18","14-01-03","2013-06-10 06:48:54","2014-10-01 10:46:31",9,4);
INSERT INTO `cours` (`id`,`author`,`name`,`content`,`heure_debut`,`heure_fin`,`date`,`created`,`updated`,`matieres_id`,`promotions_id`) VALUES (100,"Jane Santana","justo. Praesent luctus. Curabitur egestas","Curabitur sed tortor. Integer aliquam adipiscing lacus. Ut nec urna et arcu imperdiet ullamcorper. Duis at lacus. Quisque purus sapien, gravida non, sollicitudin a, malesuada id, erat. Etiam vestibulum massa rutrum magna. Cras convallis convallis dolor. Quisque tincidunt pede ac urna. Ut tincidunt vehicula risus. Nulla eget metus eu erat","2013-09-19 02:37:27","2014-02-18 02:02:11","13-10-30","2013-09-03 00:57:11","2013-06-13 07:13:21",4,1);
INSERT INTO `cours` (`id`,`author`,`name`,`content`,`heure_debut`,`heure_fin`,`date`,`created`,`updated`,`matieres_id`,`promotions_id`) VALUES (1,"Phoebe Elliott","nunc. In at pede. Cras","fames ac turpis egestas. Fusce aliquet magna a neque. Nullam ut nisi a odio semper cursus. Integer mollis. Integer tincidunt aliquam arcu. Aliquam ultrices iaculis odio. Nam interdum enim non nisi. Aenean eget metus. In nec orci. Donec nibh. Quisque nonummy ipsum non arcu. Vivamus sit amet risus. Donec egestas.","2013-11-10 19:36:37","2013-11-01 20:30:55","14-01-29","2013-11-01 12:18:56","2014-05-25 00:15:34",2,4);
INSERT INTO `cours` (`id`,`author`,`name`,`content`,`heure_debut`,`heure_fin`,`date`,`created`,`updated`,`matieres_id`,`promotions_id`) VALUES (2,"Daphne Baxter","In nec orci. Donec nibh.","molestie dapibus ligula. Aliquam erat volutpat. Nulla dignissim. Maecenas ornare egestas ligula. Nullam feugiat placerat velit. Quisque varius. Nam porttitor scelerisque neque. Nullam nisl. Maecenas malesuada fringilla est. Mauris eu turpis. Nulla aliquet. Proin velit. Sed malesuada augue ut lacus. Nulla tincidunt, neque vitae semper egestas, urna justo faucibus lectus,","2013-09-13 17:15:47","2013-06-30 05:20:07","13-05-08","2014-11-02 23:53:57","2014-02-06 13:20:19",6,5);
INSERT INTO `cours` (`id`,`author`,`name`,`content`,`heure_debut`,`heure_fin`,`date`,`created`,`updated`,`matieres_id`,`promotions_id`) VALUES (3,"Quintessa Fox","congue a, aliquet vel, vulputate","lorem, eget mollis lectus pede et risus. Quisque libero lacus, varius et, euismod et, commodo at, libero. Morbi accumsan laoreet ipsum. Curabitur consequat, lectus sit amet luctus vulputate, nisi sem semper erat, in consectetuer ipsum nunc id enim. Curabitur massa. Vestibulum accumsan neque et nunc. Quisque ornare tortor at risus.","2014-01-28 06:47:34","2015-02-01 06:27:51","14-09-26","2013-08-10 12:14:39","2013-12-18 11:00:38",5,4);
INSERT INTO `cours` (`id`,`author`,`name`,`content`,`heure_debut`,`heure_fin`,`date`,`created`,`updated`,`matieres_id`,`promotions_id`) VALUES (4,"Mariko Boyd","ultrices posuere cubilia Curae; Phasellus","ullamcorper viverra. Maecenas iaculis aliquet diam. Sed diam lorem, auctor quis, tristique ac, eleifend vitae, erat. Vivamus nisi. Mauris nulla. Integer urna. Vivamus molestie dapibus ligula. Aliquam erat volutpat. Nulla dignissim. Maecenas ornare egestas ligula. Nullam feugiat placerat velit. Quisque varius. Nam porttitor scelerisque neque. Nullam nisl. Maecenas malesuada fringilla","2013-12-25 08:27:47","2013-06-08 17:10:38","13-07-25","2013-10-05 12:35:22","2015-03-06 01:14:35",10,3);
INSERT INTO `cours` (`id`,`author`,`name`,`content`,`heure_debut`,`heure_fin`,`date`,`created`,`updated`,`matieres_id`,`promotions_id`) VALUES (5,"Jaquelyn Best","ligula tortor, dictum eu, placerat","dis parturient montes, nascetur ridiculus mus. Proin vel nisl. Quisque fringilla euismod enim. Etiam gravida molestie arcu. Sed eu nibh vulputate mauris sagittis placerat. Cras dictum ultricies ligula. Nullam enim. Sed nulla ante, iaculis nec, eleifend non, dapibus rutrum, justo. Praesent luctus. Curabitur egestas nunc sed libero. Proin sed turpis","2014-02-18 16:51:07","2013-06-26 05:58:32","13-12-30","2014-02-16 23:43:07","2013-08-06 14:11:20",4,3);
INSERT INTO `cours` (`id`,`author`,`name`,`content`,`heure_debut`,`heure_fin`,`date`,`created`,`updated`,`matieres_id`,`promotions_id`) VALUES (6,"Nita Griffith","tincidunt tempus risus. Donec egestas.","convallis, ante lectus convallis est, vitae sodales nisi magna sed dui. Fusce aliquam, enim nec tempus scelerisque, lorem ipsum sodales purus, in molestie tortor nibh sit amet orci. Ut sagittis lobortis mauris. Suspendisse aliquet molestie tellus. Aenean egestas hendrerit neque. In ornare sagittis felis. Donec tempor, est ac mattis semper,","2013-06-07 22:30:09","2013-07-19 23:31:38","13-08-19","2013-06-29 07:34:25","2014-09-10 20:21:44",6,5);
INSERT INTO `cours` (`id`,`author`,`name`,`content`,`heure_debut`,`heure_fin`,`date`,`created`,`updated`,`matieres_id`,`promotions_id`) VALUES (7,"Ann Nguyen","vulputate, posuere vulputate, lacus. Cras","adipiscing non, luctus sit amet, faucibus ut, nulla. Cras eu tellus eu augue porttitor interdum. Sed auctor odio a purus. Duis elementum, dui quis accumsan convallis, ante lectus convallis est, vitae sodales nisi magna sed dui. Fusce aliquam, enim nec tempus scelerisque, lorem ipsum sodales purus, in molestie tortor nibh","2013-05-15 08:47:13","2013-07-11 12:42:08","13-12-02","2014-05-06 16:05:05","2013-06-30 17:34:25",5,2);
INSERT INTO `cours` (`id`,`author`,`name`,`content`,`heure_debut`,`heure_fin`,`date`,`created`,`updated`,`matieres_id`,`promotions_id`) VALUES (8,"Aurora Patton","ridiculus mus. Proin vel arcu","et malesuada fames ac turpis egestas. Aliquam fringilla cursus purus. Nullam scelerisque neque sed sem egestas blandit. Nam nulla magna, malesuada vel, convallis in, cursus et, eros. Proin ultrices. Duis volutpat nunc sit amet metus. Aliquam erat volutpat. Nulla facilisis. Suspendisse commodo tincidunt nibh. Phasellus nulla. Integer vulputate, risus a","2013-12-03 01:20:47","2013-10-25 16:10:54","13-09-23","2014-10-06 14:08:39","2014-12-14 09:38:39",4,2);
INSERT INTO `cours` (`id`,`author`,`name`,`content`,`heure_debut`,`heure_fin`,`date`,`created`,`updated`,`matieres_id`,`promotions_id`) VALUES (9,"Ria Sandoval","eget, venenatis a, magna. Lorem","turpis egestas. Fusce aliquet magna a neque. Nullam ut nisi a odio semper cursus. Integer mollis. Integer tincidunt aliquam arcu. Aliquam ultrices iaculis odio. Nam interdum enim non nisi. Aenean eget metus. In nec orci. Donec nibh. Quisque nonummy ipsum non arcu. Vivamus sit amet risus. Donec egestas. Aliquam nec","2013-09-06 12:03:32","2014-02-22 23:31:17","13-06-28","2013-07-09 08:50:25","2013-07-23 01:35:08",1,5);
INSERT INTO `cours` (`id`,`author`,`name`,`content`,`heure_debut`,`heure_fin`,`date`,`created`,`updated`,`matieres_id`,`promotions_id`) VALUES (10,"Naida Snyder","lacinia orci, consectetuer euismod est","iaculis aliquet diam. Sed diam lorem, auctor quis, tristique ac, eleifend vitae, erat. Vivamus nisi. Mauris nulla. Integer urna. Vivamus molestie dapibus ligula. Aliquam erat volutpat. Nulla dignissim. Maecenas ornare egestas ligula. Nullam feugiat placerat velit. Quisque varius. Nam porttitor scelerisque neque. Nullam nisl. Maecenas malesuada fringilla est. Mauris eu","2014-05-21 01:45:14","2013-07-11 10:47:57","14-02-20","2014-05-20 04:27:05","2014-04-27 16:12:57",2,3);
INSERT INTO `cours` (`id`,`author`,`name`,`content`,`heure_debut`,`heure_fin`,`date`,`created`,`updated`,`matieres_id`,`promotions_id`) VALUES (11,"Xena Davis","eget ipsum. Suspendisse sagittis. Nullam","ut odio vel est tempor bibendum. Donec felis orci, adipiscing non, luctus sit amet, faucibus ut, nulla. Cras eu tellus eu augue porttitor interdum. Sed auctor odio a purus. Duis elementum, dui quis accumsan convallis, ante lectus convallis est, vitae sodales nisi magna sed dui. Fusce aliquam, enim nec tempus","2013-10-12 19:01:20","2014-11-07 10:58:21","14-03-14","2013-06-07 04:09:43","2014-04-12 10:16:32",7,3);
INSERT INTO `cours` (`id`,`author`,`name`,`content`,`heure_debut`,`heure_fin`,`date`,`created`,`updated`,`matieres_id`,`promotions_id`) VALUES (12,"Lara Massey","mauris. Morbi non sapien molestie","libero. Morbi accumsan laoreet ipsum. Curabitur consequat, lectus sit amet luctus vulputate, nisi sem semper erat, in consectetuer ipsum nunc id enim. Curabitur massa. Vestibulum accumsan neque et nunc. Quisque ornare tortor at risus. Nunc ac sem ut dolor dapibus gravida. Aliquam tincidunt, nunc ac mattis ornare, lectus ante dictum","2013-11-06 17:52:18","2014-07-21 17:17:51","14-05-02","2013-10-28 19:25:32","2013-08-21 13:52:31",10,2);
INSERT INTO `cours` (`id`,`author`,`name`,`content`,`heure_debut`,`heure_fin`,`date`,`created`,`updated`,`matieres_id`,`promotions_id`) VALUES (13,"Ocean Sharp","egestas a, scelerisque sed, sapien.","non justo. Proin non massa non ante bibendum ullamcorper. Duis cursus, diam at pretium aliquet, metus urna convallis erat, eget tincidunt dui augue eu tellus. Phasellus elit pede, malesuada vel, venenatis vel, faucibus id, libero. Donec consectetuer mauris id sapien. Cras dolor dolor, tempus non, lacinia at, iaculis quis, pede.","2014-03-16 05:22:56","2014-09-28 00:00:39","14-11-03","2014-01-21 21:02:02","2013-06-08 03:54:05",2,5);
INSERT INTO `cours` (`id`,`author`,`name`,`content`,`heure_debut`,`heure_fin`,`date`,`created`,`updated`,`matieres_id`,`promotions_id`) VALUES (14,"Marny Downs","at pretium aliquet, metus urna","non, lobortis quis, pede. Suspendisse dui. Fusce diam nunc, ullamcorper eu, euismod ac, fermentum vel, mauris. Integer sem elit, pharetra ut, pharetra sed, hendrerit a, arcu. Sed et libero. Proin mi. Aliquam gravida mauris ut mi. Duis risus odio, auctor vitae, aliquet nec, imperdiet nec, leo. Morbi neque tellus, imperdiet","2014-07-17 17:39:59","2013-05-06 21:30:51","14-10-19","2014-10-26 03:46:50","2014-08-27 22:39:26",2,5);
INSERT INTO `cours` (`id`,`author`,`name`,`content`,`heure_debut`,`heure_fin`,`date`,`created`,`updated`,`matieres_id`,`promotions_id`) VALUES (15,"Madaline Blair","ornare. In faucibus. Morbi vehicula.","sed dictum eleifend, nunc risus varius orci, in consequat enim diam vel arcu. Curabitur ut odio vel est tempor bibendum. Donec felis orci, adipiscing non, luctus sit amet, faucibus ut, nulla. Cras eu tellus eu augue porttitor interdum. Sed auctor odio a purus. Duis elementum, dui quis accumsan convallis, ante","2013-08-15 06:39:00","2013-10-25 22:00:10","14-05-18","2013-09-07 11:35:38","2015-04-24 17:30:26",7,2);
INSERT INTO `cours` (`id`,`author`,`name`,`content`,`heure_debut`,`heure_fin`,`date`,`created`,`updated`,`matieres_id`,`promotions_id`) VALUES (16,"Kylie Pope","velit. Pellentesque ultricies dignissim lacus.","mauris eu elit. Nulla facilisi. Sed neque. Sed eget lacus. Mauris non dui nec urna suscipit nonummy. Fusce fermentum fermentum arcu. Vestibulum ante ipsum primis in faucibus orci luctus et ultrices posuere cubilia Curae; Phasellus ornare. Fusce mollis. Duis sit amet diam eu dolor egestas rhoncus. Proin nisl sem, consequat","2014-03-08 06:07:35","2014-02-06 23:08:29","13-09-21","2014-02-10 01:29:12","2014-02-23 11:39:58",8,1);
INSERT INTO `cours` (`id`,`author`,`name`,`content`,`heure_debut`,`heure_fin`,`date`,`created`,`updated`,`matieres_id`,`promotions_id`) VALUES (17,"Hadassah Ferrell","pharetra, felis eget varius ultrices,","pede sagittis augue, eu tempor erat neque non quam. Pellentesque habitant morbi tristique senectus et netus et malesuada fames ac turpis egestas. Aliquam fringilla cursus purus. Nullam scelerisque neque sed sem egestas blandit. Nam nulla magna, malesuada vel, convallis in, cursus et, eros. Proin ultrices. Duis volutpat nunc sit amet","2015-01-03 00:30:33","2015-02-03 14:45:01","14-11-17","2014-09-18 04:40:27","2013-10-07 07:14:38",6,1);
INSERT INTO `cours` (`id`,`author`,`name`,`content`,`heure_debut`,`heure_fin`,`date`,`created`,`updated`,`matieres_id`,`promotions_id`) VALUES (18,"Ima Hawkins","malesuada fringilla est. Mauris eu","eleifend. Cras sed leo. Cras vehicula aliquet libero. Integer in magna. Phasellus dolor elit, pellentesque a, facilisis non, bibendum sed, est. Nunc laoreet lectus quis massa. Mauris vestibulum, neque sed dictum eleifend, nunc risus varius orci, in consequat enim diam vel arcu. Curabitur ut odio vel est tempor bibendum. Donec","2014-08-25 21:35:31","2013-12-16 22:59:56","13-05-10","2013-09-28 12:28:19","2014-12-15 13:42:44",1,5);
INSERT INTO `cours` (`id`,`author`,`name`,`content`,`heure_debut`,`heure_fin`,`date`,`created`,`updated`,`matieres_id`,`promotions_id`) VALUES (19,"Fallon Downs","malesuada vel, venenatis vel, faucibus","magna a neque. Nullam ut nisi a odio semper cursus. Integer mollis. Integer tincidunt aliquam arcu. Aliquam ultrices iaculis odio. Nam interdum enim non nisi. Aenean eget metus. In nec orci. Donec nibh. Quisque nonummy ipsum non arcu. Vivamus sit amet risus. Donec egestas. Aliquam nec enim. Nunc ut erat.","2014-11-03 19:52:25","2014-04-19 08:37:09","13-06-17","2015-04-03 17:02:05","2013-12-10 11:56:23",9,1);
INSERT INTO `cours` (`id`,`author`,`name`,`content`,`heure_debut`,`heure_fin`,`date`,`created`,`updated`,`matieres_id`,`promotions_id`) VALUES (20,"Erin Blair","non leo. Vivamus nibh dolor,","facilisis facilisis, magna tellus faucibus leo, in lobortis tellus justo sit amet nulla. Donec non justo. Proin non massa non ante bibendum ullamcorper. Duis cursus, diam at pretium aliquet, metus urna convallis erat, eget tincidunt dui augue eu tellus. Phasellus elit pede, malesuada vel, venenatis vel, faucibus id, libero. Donec","2014-06-03 09:15:20","2013-12-31 22:18:51","13-06-16","2015-04-04 05:44:16","2013-05-11 00:19:31",9,5);
INSERT INTO `cours` (`id`,`author`,`name`,`content`,`heure_debut`,`heure_fin`,`date`,`created`,`updated`,`matieres_id`,`promotions_id`) VALUES (21,"Ruby Wood","turpis. In condimentum. Donec at","vitae aliquam eros turpis non enim. Mauris quis turpis vitae purus gravida sagittis. Duis gravida. Praesent eu nulla at sem molestie sodales. Mauris blandit enim consequat purus. Maecenas libero est, congue a, aliquet vel, vulputate eu, odio. Phasellus at augue id ante dictum cursus. Nunc mauris elit, dictum eu, eleifend","2014-11-19 21:15:04","2015-01-11 14:05:04","14-06-17","2013-06-17 00:27:31","2013-09-30 00:20:42",2,4);
INSERT INTO `cours` (`id`,`author`,`name`,`content`,`heure_debut`,`heure_fin`,`date`,`created`,`updated`,`matieres_id`,`promotions_id`) VALUES (22,"Tatyana Casey","Quisque ornare tortor at risus.","rutrum lorem ac risus. Morbi metus. Vivamus euismod urna. Nullam lobortis quam a felis ullamcorper viverra. Maecenas iaculis aliquet diam. Sed diam lorem, auctor quis, tristique ac, eleifend vitae, erat. Vivamus nisi. Mauris nulla. Integer urna. Vivamus molestie dapibus ligula. Aliquam erat volutpat. Nulla dignissim. Maecenas ornare egestas ligula. Nullam","2013-07-15 08:20:22","2014-02-25 10:27:50","14-09-28","2013-11-25 01:39:36","2014-04-04 09:06:21",2,3);
INSERT INTO `cours` (`id`,`author`,`name`,`content`,`heure_debut`,`heure_fin`,`date`,`created`,`updated`,`matieres_id`,`promotions_id`) VALUES (23,"Rebecca Daniel","Integer eu lacus. Quisque imperdiet,","velit. Pellentesque ultricies dignissim lacus. Aliquam rutrum lorem ac risus. Morbi metus. Vivamus euismod urna. Nullam lobortis quam a felis ullamcorper viverra. Maecenas iaculis aliquet diam. Sed diam lorem, auctor quis, tristique ac, eleifend vitae, erat. Vivamus nisi. Mauris nulla. Integer urna. Vivamus molestie dapibus ligula. Aliquam erat volutpat. Nulla","2014-08-31 02:21:26","2013-08-19 17:42:03","13-06-28","2013-09-08 06:14:18","2014-04-23 10:02:52",1,2);
INSERT INTO `cours` (`id`,`author`,`name`,`content`,`heure_debut`,`heure_fin`,`date`,`created`,`updated`,`matieres_id`,`promotions_id`) VALUES (24,"Michelle Larson","Duis ac arcu. Nunc mauris.","suscipit nonummy. Fusce fermentum fermentum arcu. Vestibulum ante ipsum primis in faucibus orci luctus et ultrices posuere cubilia Curae; Phasellus ornare. Fusce mollis. Duis sit amet diam eu dolor egestas rhoncus. Proin nisl sem, consequat nec, mollis vitae, posuere at, velit. Cras lorem lorem, luctus ut, pellentesque eget, dictum placerat,","2014-08-06 12:27:20","2014-01-08 13:04:26","14-02-16","2013-07-27 00:23:24","2014-08-10 20:49:52",7,4);
INSERT INTO `cours` (`id`,`author`,`name`,`content`,`heure_debut`,`heure_fin`,`date`,`created`,`updated`,`matieres_id`,`promotions_id`) VALUES (25,"Amena Koch","diam vel arcu. Curabitur ut","penatibus et magnis dis parturient montes, nascetur ridiculus mus. Aenean eget magna. Suspendisse tristique neque venenatis lacus. Etiam bibendum fermentum metus. Aenean sed pede nec ante blandit viverra. Donec tempus, lorem fringilla ornare placerat, orci lacus vestibulum lorem, sit amet ultricies sem magna nec quam. Curabitur vel lectus. Cum sociis","2015-03-06 21:19:38","2014-01-09 20:09:28","15-03-22","2014-10-24 21:24:32","2014-03-15 14:41:35",3,2);
INSERT INTO `cours` (`id`,`author`,`name`,`content`,`heure_debut`,`heure_fin`,`date`,`created`,`updated`,`matieres_id`,`promotions_id`) VALUES (26,"Alea Crawford","tellus, imperdiet non, vestibulum nec,","cubilia Curae; Phasellus ornare. Fusce mollis. Duis sit amet diam eu dolor egestas rhoncus. Proin nisl sem, consequat nec, mollis vitae, posuere at, velit. Cras lorem lorem, luctus ut, pellentesque eget, dictum placerat, augue. Sed molestie. Sed id risus quis diam luctus lobortis. Class aptent taciti sociosqu ad litora torquent","2013-05-14 07:52:06","2014-02-06 05:24:36","14-03-27","2014-03-11 01:22:48","2015-04-06 01:55:10",5,2);
INSERT INTO `cours` (`id`,`author`,`name`,`content`,`heure_debut`,`heure_fin`,`date`,`created`,`updated`,`matieres_id`,`promotions_id`) VALUES (27,"Judith Barry","lacus. Etiam bibendum fermentum metus.","leo. Cras vehicula aliquet libero. Integer in magna. Phasellus dolor elit, pellentesque a, facilisis non, bibendum sed, est. Nunc laoreet lectus quis massa. Mauris vestibulum, neque sed dictum eleifend, nunc risus varius orci, in consequat enim diam vel arcu. Curabitur ut odio vel est tempor bibendum. Donec felis orci, adipiscing","2014-05-06 16:17:58","2014-12-06 08:28:52","14-12-02","2014-06-16 16:11:53","2013-09-02 05:03:31",10,4);
INSERT INTO `cours` (`id`,`author`,`name`,`content`,`heure_debut`,`heure_fin`,`date`,`created`,`updated`,`matieres_id`,`promotions_id`) VALUES (28,"Dorothy Dunn","fringilla, porttitor vulputate, posuere vulputate,","non, egestas a, dui. Cras pellentesque. Sed dictum. Proin eget odio. Aliquam vulputate ullamcorper magna. Sed eu eros. Nam consequat dolor vitae dolor. Donec fringilla. Donec feugiat metus sit amet ante. Vivamus non lorem vitae odio sagittis semper. Nam tempor diam dictum sapien. Aenean massa. Integer vitae nibh. Donec est","2014-05-14 11:54:24","2014-10-28 00:12:43","13-05-28","2014-08-20 23:27:25","2013-07-14 03:49:54",7,5);
INSERT INTO `cours` (`id`,`author`,`name`,`content`,`heure_debut`,`heure_fin`,`date`,`created`,`updated`,`matieres_id`,`promotions_id`) VALUES (29,"Bianca Mccarty","Cras lorem lorem, luctus ut,","at augue id ante dictum cursus. Nunc mauris elit, dictum eu, eleifend nec, malesuada ut, sem. Nulla interdum. Curabitur dictum. Phasellus in felis. Nulla tempor augue ac ipsum. Phasellus vitae mauris sit amet lorem semper auctor. Mauris vel turpis. Aliquam adipiscing lobortis risus. In mi pede, nonummy ut, molestie in,","2014-03-09 16:59:42","2013-07-18 21:20:29","13-05-08","2013-10-21 04:01:16","2013-12-16 23:46:45",3,4);
INSERT INTO `cours` (`id`,`author`,`name`,`content`,`heure_debut`,`heure_fin`,`date`,`created`,`updated`,`matieres_id`,`promotions_id`) VALUES (30,"Katelyn Conway","Nulla facilisis. Suspendisse commodo tincidunt","lorem, sit amet ultricies sem magna nec quam. Curabitur vel lectus. Cum sociis natoque penatibus et magnis dis parturient montes, nascetur ridiculus mus. Donec dignissim magna a tortor. Nunc commodo auctor velit. Aliquam nisl. Nulla eu neque pellentesque massa lobortis ultrices. Vivamus rhoncus. Donec est. Nunc ullamcorper, velit in aliquet","2013-10-06 22:53:41","2013-07-25 05:28:00","14-05-02","2014-03-08 08:19:29","2014-11-06 17:51:31",10,5);
INSERT INTO `cours` (`id`,`author`,`name`,`content`,`heure_debut`,`heure_fin`,`date`,`created`,`updated`,`matieres_id`,`promotions_id`) VALUES (31,"Keely Figueroa","sed sem egestas blandit. Nam","nunc risus varius orci, in consequat enim diam vel arcu. Curabitur ut odio vel est tempor bibendum. Donec felis orci, adipiscing non, luctus sit amet, faucibus ut, nulla. Cras eu tellus eu augue porttitor interdum. Sed auctor odio a purus. Duis elementum, dui quis accumsan convallis, ante lectus convallis est,","2014-06-21 04:12:28","2015-03-23 21:49:38","15-02-22","2014-07-28 10:42:57","2015-04-05 19:37:56",10,3);
INSERT INTO `cours` (`id`,`author`,`name`,`content`,`heure_debut`,`heure_fin`,`date`,`created`,`updated`,`matieres_id`,`promotions_id`) VALUES (32,"Montana Sargent","in consectetuer ipsum nunc id","sit amet ultricies sem magna nec quam. Curabitur vel lectus. Cum sociis natoque penatibus et magnis dis parturient montes, nascetur ridiculus mus. Donec dignissim magna a tortor. Nunc commodo auctor velit. Aliquam nisl. Nulla eu neque pellentesque massa lobortis ultrices. Vivamus rhoncus. Donec est. Nunc ullamcorper, velit in aliquet lobortis,","2015-03-12 09:05:48","2015-04-12 14:51:52","15-03-15","2014-02-06 10:39:17","2014-09-20 10:35:28",2,5);
INSERT INTO `cours` (`id`,`author`,`name`,`content`,`heure_debut`,`heure_fin`,`date`,`created`,`updated`,`matieres_id`,`promotions_id`) VALUES (33,"Zelda Rasmussen","in sodales elit erat vitae","eu eros. Nam consequat dolor vitae dolor. Donec fringilla. Donec feugiat metus sit amet ante. Vivamus non lorem vitae odio sagittis semper. Nam tempor diam dictum sapien. Aenean massa. Integer vitae nibh. Donec est mauris, rhoncus id, mollis nec, cursus a, enim. Suspendisse aliquet, sem ut cursus luctus, ipsum leo","2013-07-17 15:03:37","2013-12-09 15:27:25","14-02-13","2013-08-04 23:44:57","2014-05-25 11:43:00",2,5);
INSERT INTO `cours` (`id`,`author`,`name`,`content`,`heure_debut`,`heure_fin`,`date`,`created`,`updated`,`matieres_id`,`promotions_id`) VALUES (34,"Chanda Berry","accumsan neque et nunc. Quisque","lacinia vitae, sodales at, velit. Pellentesque ultricies dignissim lacus. Aliquam rutrum lorem ac risus. Morbi metus. Vivamus euismod urna. Nullam lobortis quam a felis ullamcorper viverra. Maecenas iaculis aliquet diam. Sed diam lorem, auctor quis, tristique ac, eleifend vitae, erat. Vivamus nisi. Mauris nulla. Integer urna. Vivamus molestie dapibus ligula.","2014-03-08 21:54:45","2014-10-25 17:15:10","13-10-23","2015-05-02 11:56:52","2013-08-23 01:20:55",10,5);
INSERT INTO `cours` (`id`,`author`,`name`,`content`,`heure_debut`,`heure_fin`,`date`,`created`,`updated`,`matieres_id`,`promotions_id`) VALUES (35,"Ella Fry","leo. Cras vehicula aliquet libero.","eu arcu. Morbi sit amet massa. Quisque porttitor eros nec tellus. Nunc lectus pede, ultrices a, auctor non, feugiat nec, diam. Duis mi enim, condimentum eget, volutpat ornare, facilisis eget, ipsum. Donec sollicitudin adipiscing ligula. Aenean gravida nunc sed pede. Cum sociis natoque penatibus et magnis dis parturient montes, nascetur","2014-10-09 09:02:32","2014-06-02 09:05:49","15-03-09","2014-07-22 02:16:29","2014-06-10 13:00:36",10,1);
INSERT INTO `cours` (`id`,`author`,`name`,`content`,`heure_debut`,`heure_fin`,`date`,`created`,`updated`,`matieres_id`,`promotions_id`) VALUES (36,"Odette Nichols","Nunc ut erat. Sed nunc","ut eros non enim commodo hendrerit. Donec porttitor tellus non magna. Nam ligula elit, pretium et, rutrum non, hendrerit id, ante. Nunc mauris sapien, cursus in, hendrerit consectetuer, cursus et, magna. Praesent interdum ligula eu enim. Etiam imperdiet dictum magna. Ut tincidunt orci quis lectus. Nullam suscipit, est ac facilisis","2013-05-23 13:26:14","2014-11-26 04:27:26","14-09-10","2013-08-16 19:35:51","2013-06-11 07:09:25",8,3);
INSERT INTO `cours` (`id`,`author`,`name`,`content`,`heure_debut`,`heure_fin`,`date`,`created`,`updated`,`matieres_id`,`promotions_id`) VALUES (37,"Britanney Little","lectus convallis est, vitae sodales","lacus. Mauris non dui nec urna suscipit nonummy. Fusce fermentum fermentum arcu. Vestibulum ante ipsum primis in faucibus orci luctus et ultrices posuere cubilia Curae; Phasellus ornare. Fusce mollis. Duis sit amet diam eu dolor egestas rhoncus. Proin nisl sem, consequat nec, mollis vitae, posuere at, velit. Cras lorem lorem,","2013-07-26 08:16:38","2013-11-22 02:32:17","15-04-04","2014-09-12 21:36:51","2015-03-27 00:43:17",6,5);
INSERT INTO `cours` (`id`,`author`,`name`,`content`,`heure_debut`,`heure_fin`,`date`,`created`,`updated`,`matieres_id`,`promotions_id`) VALUES (38,"Madison Boyle","Nunc commodo auctor velit. Aliquam","a, malesuada id, erat. Etiam vestibulum massa rutrum magna. Cras convallis convallis dolor. Quisque tincidunt pede ac urna. Ut tincidunt vehicula risus. Nulla eget metus eu erat semper rutrum. Fusce dolor quam, elementum at, egestas a, scelerisque sed, sapien. Nunc pulvinar arcu et pede. Nunc sed orci lobortis augue scelerisque","2014-08-13 01:43:57","2013-09-09 00:14:07","13-07-29","2013-09-05 23:31:05","2015-04-07 09:50:06",7,5);
INSERT INTO `cours` (`id`,`author`,`name`,`content`,`heure_debut`,`heure_fin`,`date`,`created`,`updated`,`matieres_id`,`promotions_id`) VALUES (39,"Justine Fischer","sagittis semper. Nam tempor diam","in aliquet lobortis, nisi nibh lacinia orci, consectetuer euismod est arcu ac orci. Ut semper pretium neque. Morbi quis urna. Nunc quis arcu vel quam dignissim pharetra. Nam ac nulla. In tincidunt congue turpis. In condimentum. Donec at arcu. Vestibulum ante ipsum primis in faucibus orci luctus et ultrices posuere","2014-03-01 08:57:38","2013-06-14 05:42:52","13-05-12","2013-06-27 08:16:07","2014-02-05 04:11:22",7,1);
INSERT INTO `cours` (`id`,`author`,`name`,`content`,`heure_debut`,`heure_fin`,`date`,`created`,`updated`,`matieres_id`,`promotions_id`) VALUES (40,"Deanna Haley","purus. Maecenas libero est, congue","risus. Duis a mi fringilla mi lacinia mattis. Integer eu lacus. Quisque imperdiet, erat nonummy ultricies ornare, elit elit fermentum risus, at fringilla purus mauris a nunc. In at pede. Cras vulputate velit eu sem. Pellentesque ut ipsum ac mi eleifend egestas. Sed pharetra, felis eget varius ultrices, mauris ipsum","2014-09-19 13:56:05","2013-12-16 23:35:36","14-07-10","2013-09-13 20:20:34","2013-07-10 06:26:54",7,3);
INSERT INTO `cours` (`id`,`author`,`name`,`content`,`heure_debut`,`heure_fin`,`date`,`created`,`updated`,`matieres_id`,`promotions_id`) VALUES (41,"TaShya Erickson","erat volutpat. Nulla dignissim. Maecenas","vitae, posuere at, velit. Cras lorem lorem, luctus ut, pellentesque eget, dictum placerat, augue. Sed molestie. Sed id risus quis diam luctus lobortis. Class aptent taciti sociosqu ad litora torquent per conubia nostra, per inceptos hymenaeos. Mauris ut quam vel sapien imperdiet ornare. In faucibus. Morbi vehicula. Pellentesque tincidunt tempus","2014-05-18 06:49:24","2014-11-22 07:38:46","13-10-15","2013-06-05 22:17:12","2014-06-26 23:21:47",9,3);
INSERT INTO `cours` (`id`,`author`,`name`,`content`,`heure_debut`,`heure_fin`,`date`,`created`,`updated`,`matieres_id`,`promotions_id`) VALUES (42,"Breanna Mathis","lectus pede et risus. Quisque","sit amet ultricies sem magna nec quam. Curabitur vel lectus. Cum sociis natoque penatibus et magnis dis parturient montes, nascetur ridiculus mus. Donec dignissim magna a tortor. Nunc commodo auctor velit. Aliquam nisl. Nulla eu neque pellentesque massa lobortis ultrices. Vivamus rhoncus. Donec est. Nunc ullamcorper, velit in aliquet lobortis,","2013-08-29 05:33:14","2013-11-09 12:12:52","15-03-03","2013-10-18 18:21:25","2013-06-15 15:24:03",5,3);
INSERT INTO `cours` (`id`,`author`,`name`,`content`,`heure_debut`,`heure_fin`,`date`,`created`,`updated`,`matieres_id`,`promotions_id`) VALUES (43,"Constance Beck","Suspendisse sagittis. Nullam vitae diam.","in felis. Nulla tempor augue ac ipsum. Phasellus vitae mauris sit amet lorem semper auctor. Mauris vel turpis. Aliquam adipiscing lobortis risus. In mi pede, nonummy ut, molestie in, tempus eu, ligula. Aenean euismod mauris eu elit. Nulla facilisi. Sed neque. Sed eget lacus. Mauris non dui nec urna suscipit","2015-03-24 12:36:49","2015-04-15 12:00:06","14-04-21","2014-11-12 20:53:45","2013-05-26 10:18:31",10,5);
INSERT INTO `cours` (`id`,`author`,`name`,`content`,`heure_debut`,`heure_fin`,`date`,`created`,`updated`,`matieres_id`,`promotions_id`) VALUES (44,"Anjolie Robbins","ornare, lectus ante dictum mi,","Maecenas mi felis, adipiscing fringilla, porttitor vulputate, posuere vulputate, lacus. Cras interdum. Nunc sollicitudin commodo ipsum. Suspendisse non leo. Vivamus nibh dolor, nonummy ac, feugiat non, lobortis quis, pede. Suspendisse dui. Fusce diam nunc, ullamcorper eu, euismod ac, fermentum vel, mauris. Integer sem elit, pharetra ut, pharetra sed, hendrerit a,","2014-05-17 00:36:40","2014-01-28 15:52:39","14-09-04","2013-06-27 02:39:37","2013-10-28 23:43:48",3,5);
INSERT INTO `cours` (`id`,`author`,`name`,`content`,`heure_debut`,`heure_fin`,`date`,`created`,`updated`,`matieres_id`,`promotions_id`) VALUES (45,"April Campbell","nibh lacinia orci, consectetuer euismod","mauris erat eget ipsum. Suspendisse sagittis. Nullam vitae diam. Proin dolor. Nulla semper tellus id nunc interdum feugiat. Sed nec metus facilisis lorem tristique aliquet. Phasellus fermentum convallis ligula. Donec luctus aliquet odio. Etiam ligula tortor, dictum eu, placerat eget, venenatis a, magna. Lorem ipsum dolor sit amet, consectetuer adipiscing","2015-01-10 03:48:06","2015-03-20 02:26:51","13-07-22","2013-10-17 22:56:25","2015-02-07 23:08:25",1,2);
INSERT INTO `cours` (`id`,`author`,`name`,`content`,`heure_debut`,`heure_fin`,`date`,`created`,`updated`,`matieres_id`,`promotions_id`) VALUES (46,"Candice Decker","Maecenas ornare egestas ligula. Nullam","in, hendrerit consectetuer, cursus et, magna. Praesent interdum ligula eu enim. Etiam imperdiet dictum magna. Ut tincidunt orci quis lectus. Nullam suscipit, est ac facilisis facilisis, magna tellus faucibus leo, in lobortis tellus justo sit amet nulla. Donec non justo. Proin non massa non ante bibendum ullamcorper. Duis cursus, diam","2014-01-22 06:02:33","2015-03-05 03:41:11","13-09-07","2013-08-22 11:04:01","2013-06-07 16:03:17",3,4);
INSERT INTO `cours` (`id`,`author`,`name`,`content`,`heure_debut`,`heure_fin`,`date`,`created`,`updated`,`matieres_id`,`promotions_id`) VALUES (47,"Julie Rose","lorem, eget mollis lectus pede","euismod mauris eu elit. Nulla facilisi. Sed neque. Sed eget lacus. Mauris non dui nec urna suscipit nonummy. Fusce fermentum fermentum arcu. Vestibulum ante ipsum primis in faucibus orci luctus et ultrices posuere cubilia Curae; Phasellus ornare. Fusce mollis. Duis sit amet diam eu dolor egestas rhoncus. Proin nisl sem,","2014-02-06 21:24:24","2013-06-29 06:58:59","13-05-24","2013-06-18 15:26:46","2013-10-07 09:02:46",1,5);
INSERT INTO `cours` (`id`,`author`,`name`,`content`,`heure_debut`,`heure_fin`,`date`,`created`,`updated`,`matieres_id`,`promotions_id`) VALUES (48,"Amaya Mullen","nec, imperdiet nec, leo. Morbi","enim consequat purus. Maecenas libero est, congue a, aliquet vel, vulputate eu, odio. Phasellus at augue id ante dictum cursus. Nunc mauris elit, dictum eu, eleifend nec, malesuada ut, sem. Nulla interdum. Curabitur dictum. Phasellus in felis. Nulla tempor augue ac ipsum. Phasellus vitae mauris sit amet lorem semper auctor.","2014-02-04 13:32:06","2013-06-07 19:48:29","14-12-01","2013-11-17 23:29:47","2013-06-29 11:07:48",8,5);
INSERT INTO `cours` (`id`,`author`,`name`,`content`,`heure_debut`,`heure_fin`,`date`,`created`,`updated`,`matieres_id`,`promotions_id`) VALUES (49,"Amanda Sawyer","malesuada augue ut lacus. Nulla","mauris. Morbi non sapien molestie orci tincidunt adipiscing. Mauris molestie pharetra nibh. Aliquam ornare, libero at auctor ullamcorper, nisl arcu iaculis enim, sit amet ornare lectus justo eu arcu. Morbi sit amet massa. Quisque porttitor eros nec tellus. Nunc lectus pede, ultrices a, auctor non, feugiat nec, diam. Duis mi","2014-06-14 01:45:39","2014-02-09 00:12:01","15-03-17","2014-08-20 14:38:16","2015-01-01 16:06:07",4,2);
INSERT INTO `cours` (`id`,`author`,`name`,`content`,`heure_debut`,`heure_fin`,`date`,`created`,`updated`,`matieres_id`,`promotions_id`) VALUES (50,"Summer Simmons","sed sem egestas blandit. Nam","leo. Cras vehicula aliquet libero. Integer in magna. Phasellus dolor elit, pellentesque a, facilisis non, bibendum sed, est. Nunc laoreet lectus quis massa. Mauris vestibulum, neque sed dictum eleifend, nunc risus varius orci, in consequat enim diam vel arcu. Curabitur ut odio vel est tempor bibendum. Donec felis orci, adipiscing","2014-06-21 07:38:45","2014-06-14 12:50:30","15-04-07","2014-03-28 17:17:10","2014-08-19 02:37:07",7,4);
INSERT INTO `cours` (`id`,`author`,`name`,`content`,`heure_debut`,`heure_fin`,`date`,`created`,`updated`,`matieres_id`,`promotions_id`) VALUES (51,"Hiroko Cohen","in magna. Phasellus dolor elit,","rutrum non, hendrerit id, ante. Nunc mauris sapien, cursus in, hendrerit consectetuer, cursus et, magna. Praesent interdum ligula eu enim. Etiam imperdiet dictum magna. Ut tincidunt orci quis lectus. Nullam suscipit, est ac facilisis facilisis, magna tellus faucibus leo, in lobortis tellus justo sit amet nulla. Donec non justo. Proin","2014-09-23 16:24:50","2013-06-21 01:26:13","13-06-20","2013-12-03 18:38:15","2014-07-24 16:51:29",1,5);
INSERT INTO `cours` (`id`,`author`,`name`,`content`,`heure_debut`,`heure_fin`,`date`,`created`,`updated`,`matieres_id`,`promotions_id`) VALUES (52,"Keely Vance","lacus. Etiam bibendum fermentum metus.","sapien molestie orci tincidunt adipiscing. Mauris molestie pharetra nibh. Aliquam ornare, libero at auctor ullamcorper, nisl arcu iaculis enim, sit amet ornare lectus justo eu arcu. Morbi sit amet massa. Quisque porttitor eros nec tellus. Nunc lectus pede, ultrices a, auctor non, feugiat nec, diam. Duis mi enim, condimentum eget,","2013-09-14 10:05:54","2014-05-12 02:03:10","14-04-26","2014-02-27 19:51:32","2014-11-18 17:49:02",1,3);
INSERT INTO `cours` (`id`,`author`,`name`,`content`,`heure_debut`,`heure_fin`,`date`,`created`,`updated`,`matieres_id`,`promotions_id`) VALUES (53,"Rhea Tyson","mi, ac mattis velit justo","Suspendisse dui. Fusce diam nunc, ullamcorper eu, euismod ac, fermentum vel, mauris. Integer sem elit, pharetra ut, pharetra sed, hendrerit a, arcu. Sed et libero. Proin mi. Aliquam gravida mauris ut mi. Duis risus odio, auctor vitae, aliquet nec, imperdiet nec, leo. Morbi neque tellus, imperdiet non, vestibulum nec, euismod","2015-02-28 09:14:08","2013-06-28 23:02:07","15-02-16","2013-10-17 05:00:05","2014-07-16 05:29:33",9,4);
INSERT INTO `cours` (`id`,`author`,`name`,`content`,`heure_debut`,`heure_fin`,`date`,`created`,`updated`,`matieres_id`,`promotions_id`) VALUES (54,"Sacha Sosa","facilisi. Sed neque. Sed eget","elementum, dui quis accumsan convallis, ante lectus convallis est, vitae sodales nisi magna sed dui. Fusce aliquam, enim nec tempus scelerisque, lorem ipsum sodales purus, in molestie tortor nibh sit amet orci. Ut sagittis lobortis mauris. Suspendisse aliquet molestie tellus. Aenean egestas hendrerit neque. In ornare sagittis felis. Donec tempor,","2014-04-02 23:30:27","2013-08-27 19:15:50","13-07-14","2013-09-08 17:42:36","2014-03-21 05:01:15",10,5);
INSERT INTO `cours` (`id`,`author`,`name`,`content`,`heure_debut`,`heure_fin`,`date`,`created`,`updated`,`matieres_id`,`promotions_id`) VALUES (55,"Ursula Buck","turpis non enim. Mauris quis","vel nisl. Quisque fringilla euismod enim. Etiam gravida molestie arcu. Sed eu nibh vulputate mauris sagittis placerat. Cras dictum ultricies ligula. Nullam enim. Sed nulla ante, iaculis nec, eleifend non, dapibus rutrum, justo. Praesent luctus. Curabitur egestas nunc sed libero. Proin sed turpis nec mauris blandit mattis. Cras eget nisi","2013-11-10 15:38:05","2013-06-17 00:59:59","13-08-22","2013-06-28 06:30:44","2014-10-18 13:37:24",5,3);
INSERT INTO `cours` (`id`,`author`,`name`,`content`,`heure_debut`,`heure_fin`,`date`,`created`,`updated`,`matieres_id`,`promotions_id`) VALUES (56,"Olympia Cantu","tristique pharetra. Quisque ac libero","Nulla eget metus eu erat semper rutrum. Fusce dolor quam, elementum at, egestas a, scelerisque sed, sapien. Nunc pulvinar arcu et pede. Nunc sed orci lobortis augue scelerisque mollis. Phasellus libero mauris, aliquam eu, accumsan sed, facilisis vitae, orci. Phasellus dapibus quam quis diam. Pellentesque habitant morbi tristique senectus et","2013-09-09 06:25:35","2014-10-14 13:22:16","15-04-18","2013-06-26 14:52:57","2013-11-16 23:53:32",3,5);
INSERT INTO `cours` (`id`,`author`,`name`,`content`,`heure_debut`,`heure_fin`,`date`,`created`,`updated`,`matieres_id`,`promotions_id`) VALUES (57,"Cally Oneill","mi eleifend egestas. Sed pharetra,","lectus quis massa. Mauris vestibulum, neque sed dictum eleifend, nunc risus varius orci, in consequat enim diam vel arcu. Curabitur ut odio vel est tempor bibendum. Donec felis orci, adipiscing non, luctus sit amet, faucibus ut, nulla. Cras eu tellus eu augue porttitor interdum. Sed auctor odio a purus. Duis","2013-11-21 04:36:29","2015-04-28 18:18:05","14-06-21","2013-08-24 07:49:24","2013-06-04 18:09:23",3,4);
INSERT INTO `cours` (`id`,`author`,`name`,`content`,`heure_debut`,`heure_fin`,`date`,`created`,`updated`,`matieres_id`,`promotions_id`) VALUES (58,"Laura Cooper","nec urna suscipit nonummy. Fusce","vel nisl. Quisque fringilla euismod enim. Etiam gravida molestie arcu. Sed eu nibh vulputate mauris sagittis placerat. Cras dictum ultricies ligula. Nullam enim. Sed nulla ante, iaculis nec, eleifend non, dapibus rutrum, justo. Praesent luctus. Curabitur egestas nunc sed libero. Proin sed turpis nec mauris blandit mattis. Cras eget nisi","2014-08-11 08:46:25","2015-02-21 12:31:12","14-03-02","2014-09-03 20:12:26","2014-10-01 06:50:21",9,5);
INSERT INTO `cours` (`id`,`author`,`name`,`content`,`heure_debut`,`heure_fin`,`date`,`created`,`updated`,`matieres_id`,`promotions_id`) VALUES (59,"Nayda Hinton","convallis, ante lectus convallis est,","justo eu arcu. Morbi sit amet massa. Quisque porttitor eros nec tellus. Nunc lectus pede, ultrices a, auctor non, feugiat nec, diam. Duis mi enim, condimentum eget, volutpat ornare, facilisis eget, ipsum. Donec sollicitudin adipiscing ligula. Aenean gravida nunc sed pede. Cum sociis natoque penatibus et magnis dis parturient montes,","2013-11-15 15:47:48","2014-04-11 13:58:58","14-12-12","2013-09-17 13:47:07","2015-01-26 05:39:21",9,4);
INSERT INTO `cours` (`id`,`author`,`name`,`content`,`heure_debut`,`heure_fin`,`date`,`created`,`updated`,`matieres_id`,`promotions_id`) VALUES (60,"Florence Morton","blandit mattis. Cras eget nisi","Donec consectetuer mauris id sapien. Cras dolor dolor, tempus non, lacinia at, iaculis quis, pede. Praesent eu dui. Cum sociis natoque penatibus et magnis dis parturient montes, nascetur ridiculus mus. Aenean eget magna. Suspendisse tristique neque venenatis lacus. Etiam bibendum fermentum metus. Aenean sed pede nec ante blandit viverra. Donec","2014-12-16 15:44:37","2014-09-04 02:12:37","15-02-11","2015-04-27 10:34:24","2013-10-15 19:07:37",2,2);
INSERT INTO `cours` (`id`,`author`,`name`,`content`,`heure_debut`,`heure_fin`,`date`,`created`,`updated`,`matieres_id`,`promotions_id`) VALUES (61,"Marah Harrison","amet luctus vulputate, nisi sem","porttitor tellus non magna. Nam ligula elit, pretium et, rutrum non, hendrerit id, ante. Nunc mauris sapien, cursus in, hendrerit consectetuer, cursus et, magna. Praesent interdum ligula eu enim. Etiam imperdiet dictum magna. Ut tincidunt orci quis lectus. Nullam suscipit, est ac facilisis facilisis, magna tellus faucibus leo, in lobortis","2014-09-07 23:44:31","2014-06-17 13:12:07","13-07-07","2014-04-30 20:38:17","2013-10-15 22:41:53",6,3);
INSERT INTO `cours` (`id`,`author`,`name`,`content`,`heure_debut`,`heure_fin`,`date`,`created`,`updated`,`matieres_id`,`promotions_id`) VALUES (62,"Noelani Malone","ac ipsum. Phasellus vitae mauris","bibendum ullamcorper. Duis cursus, diam at pretium aliquet, metus urna convallis erat, eget tincidunt dui augue eu tellus. Phasellus elit pede, malesuada vel, venenatis vel, faucibus id, libero. Donec consectetuer mauris id sapien. Cras dolor dolor, tempus non, lacinia at, iaculis quis, pede. Praesent eu dui. Cum sociis natoque penatibus","2013-09-29 20:27:26","2013-06-06 17:10:15","13-11-12","2013-12-12 07:53:27","2014-04-18 00:00:07",4,4);
INSERT INTO `cours` (`id`,`author`,`name`,`content`,`heure_debut`,`heure_fin`,`date`,`created`,`updated`,`matieres_id`,`promotions_id`) VALUES (63,"Barbara Spence","lorem fringilla ornare placerat, orci","arcu iaculis enim, sit amet ornare lectus justo eu arcu. Morbi sit amet massa. Quisque porttitor eros nec tellus. Nunc lectus pede, ultrices a, auctor non, feugiat nec, diam. Duis mi enim, condimentum eget, volutpat ornare, facilisis eget, ipsum. Donec sollicitudin adipiscing ligula. Aenean gravida nunc sed pede. Cum sociis","2013-12-04 10:24:49","2015-03-15 05:10:59","13-06-10","2015-02-19 05:51:48","2013-05-26 15:19:20",3,1);
INSERT INTO `cours` (`id`,`author`,`name`,`content`,`heure_debut`,`heure_fin`,`date`,`created`,`updated`,`matieres_id`,`promotions_id`) VALUES (64,"Demetria Petersen","sociis natoque penatibus et magnis","magnis dis parturient montes, nascetur ridiculus mus. Donec dignissim magna a tortor. Nunc commodo auctor velit. Aliquam nisl. Nulla eu neque pellentesque massa lobortis ultrices. Vivamus rhoncus. Donec est. Nunc ullamcorper, velit in aliquet lobortis, nisi nibh lacinia orci, consectetuer euismod est arcu ac orci. Ut semper pretium neque. Morbi","2015-03-29 07:09:48","2013-05-14 16:13:44","15-04-19","2014-06-16 13:27:51","2014-10-03 22:38:41",1,3);
INSERT INTO `cours` (`id`,`author`,`name`,`content`,`heure_debut`,`heure_fin`,`date`,`created`,`updated`,`matieres_id`,`promotions_id`) VALUES (65,"Inga Decker","lorem, eget mollis lectus pede","Proin velit. Sed malesuada augue ut lacus. Nulla tincidunt, neque vitae semper egestas, urna justo faucibus lectus, a sollicitudin orci sem eget massa. Suspendisse eleifend. Cras sed leo. Cras vehicula aliquet libero. Integer in magna. Phasellus dolor elit, pellentesque a, facilisis non, bibendum sed, est. Nunc laoreet lectus quis massa.","2014-10-01 02:32:50","2014-01-23 01:21:04","15-05-02","2013-10-21 12:32:56","2014-05-19 13:12:38",1,3);
INSERT INTO `cours` (`id`,`author`,`name`,`content`,`heure_debut`,`heure_fin`,`date`,`created`,`updated`,`matieres_id`,`promotions_id`) VALUES (66,"Xantha Mathis","ipsum primis in faucibus orci","dictum magna. Ut tincidunt orci quis lectus. Nullam suscipit, est ac facilisis facilisis, magna tellus faucibus leo, in lobortis tellus justo sit amet nulla. Donec non justo. Proin non massa non ante bibendum ullamcorper. Duis cursus, diam at pretium aliquet, metus urna convallis erat, eget tincidunt dui augue eu tellus.","2014-07-27 17:49:30","2015-03-14 18:22:24","13-10-26","2014-02-16 13:43:09","2014-05-23 21:38:33",4,1);
INSERT INTO `cours` (`id`,`author`,`name`,`content`,`heure_debut`,`heure_fin`,`date`,`created`,`updated`,`matieres_id`,`promotions_id`) VALUES (67,"Alma Lowery","rutrum eu, ultrices sit amet,","molestie tellus. Aenean egestas hendrerit neque. In ornare sagittis felis. Donec tempor, est ac mattis semper, dui lectus rutrum urna, nec luctus felis purus ac tellus. Suspendisse sed dolor. Fusce mi lorem, vehicula et, rutrum eu, ultrices sit amet, risus. Donec nibh enim, gravida sit amet, dapibus id, blandit at,","2014-02-06 17:17:34","2014-07-03 21:44:30","14-01-20","2013-10-05 07:19:17","2015-04-04 16:20:43",4,5);
INSERT INTO `cours` (`id`,`author`,`name`,`content`,`heure_debut`,`heure_fin`,`date`,`created`,`updated`,`matieres_id`,`promotions_id`) VALUES (68,"Vera Maynard","euismod urna. Nullam lobortis quam","Donec feugiat metus sit amet ante. Vivamus non lorem vitae odio sagittis semper. Nam tempor diam dictum sapien. Aenean massa. Integer vitae nibh. Donec est mauris, rhoncus id, mollis nec, cursus a, enim. Suspendisse aliquet, sem ut cursus luctus, ipsum leo elementum sem, vitae aliquam eros turpis non enim. Mauris","2014-03-14 07:35:35","2013-06-21 02:46:52","15-01-06","2014-07-08 08:56:51","2013-11-02 23:18:51",7,4);
INSERT INTO `cours` (`id`,`author`,`name`,`content`,`heure_debut`,`heure_fin`,`date`,`created`,`updated`,`matieres_id`,`promotions_id`) VALUES (69,"Jennifer Valencia","iaculis odio. Nam interdum enim","tincidunt aliquam arcu. Aliquam ultrices iaculis odio. Nam interdum enim non nisi. Aenean eget metus. In nec orci. Donec nibh. Quisque nonummy ipsum non arcu. Vivamus sit amet risus. Donec egestas. Aliquam nec enim. Nunc ut erat. Sed nunc est, mollis non, cursus non, egestas a, dui. Cras pellentesque. Sed","2013-11-17 06:39:03","2013-09-25 18:13:07","13-09-30","2013-08-09 12:27:03","2013-06-25 13:39:56",7,1);
INSERT INTO `cours` (`id`,`author`,`name`,`content`,`heure_debut`,`heure_fin`,`date`,`created`,`updated`,`matieres_id`,`promotions_id`) VALUES (70,"Georgia Bauer","nec metus facilisis lorem tristique","ut odio vel est tempor bibendum. Donec felis orci, adipiscing non, luctus sit amet, faucibus ut, nulla. Cras eu tellus eu augue porttitor interdum. Sed auctor odio a purus. Duis elementum, dui quis accumsan convallis, ante lectus convallis est, vitae sodales nisi magna sed dui. Fusce aliquam, enim nec tempus","2014-08-27 05:03:36","2013-06-10 21:53:06","14-11-02","2014-03-31 00:26:15","2013-09-21 06:26:43",4,4);
INSERT INTO `cours` (`id`,`author`,`name`,`content`,`heure_debut`,`heure_fin`,`date`,`created`,`updated`,`matieres_id`,`promotions_id`) VALUES (71,"Sharon Howe","lacinia mattis. Integer eu lacus.","Duis dignissim tempor arcu. Vestibulum ut eros non enim commodo hendrerit. Donec porttitor tellus non magna. Nam ligula elit, pretium et, rutrum non, hendrerit id, ante. Nunc mauris sapien, cursus in, hendrerit consectetuer, cursus et, magna. Praesent interdum ligula eu enim. Etiam imperdiet dictum magna. Ut tincidunt orci quis lectus.","2015-02-27 04:11:40","2014-02-23 11:46:11","14-06-14","2014-10-08 16:25:03","2013-06-08 04:14:17",2,5);
INSERT INTO `cours` (`id`,`author`,`name`,`content`,`heure_debut`,`heure_fin`,`date`,`created`,`updated`,`matieres_id`,`promotions_id`) VALUES (72,"Jessica Vaughan","quis massa. Mauris vestibulum, neque","urna. Nunc quis arcu vel quam dignissim pharetra. Nam ac nulla. In tincidunt congue turpis. In condimentum. Donec at arcu. Vestibulum ante ipsum primis in faucibus orci luctus et ultrices posuere cubilia Curae; Donec tincidunt. Donec vitae erat vel pede blandit congue. In scelerisque scelerisque dui. Suspendisse ac metus vitae","2014-03-14 22:47:39","2014-10-19 03:55:10","14-03-25","2013-12-27 00:41:16","2013-07-05 03:22:33",5,1);
INSERT INTO `cours` (`id`,`author`,`name`,`content`,`heure_debut`,`heure_fin`,`date`,`created`,`updated`,`matieres_id`,`promotions_id`) VALUES (73,"Belle Roth","Nulla aliquet. Proin velit. Sed","mauris sagittis placerat. Cras dictum ultricies ligula. Nullam enim. Sed nulla ante, iaculis nec, eleifend non, dapibus rutrum, justo. Praesent luctus. Curabitur egestas nunc sed libero. Proin sed turpis nec mauris blandit mattis. Cras eget nisi dictum augue malesuada malesuada. Integer id magna et ipsum cursus vestibulum. Mauris magna. Duis","2014-11-17 01:53:42","2014-11-24 03:49:54","13-10-04","2015-02-25 07:00:41","2014-03-20 11:52:41",1,3);
INSERT INTO `cours` (`id`,`author`,`name`,`content`,`heure_debut`,`heure_fin`,`date`,`created`,`updated`,`matieres_id`,`promotions_id`) VALUES (74,"Charity Fry","Aenean eget magna. Suspendisse tristique","nunc est, mollis non, cursus non, egestas a, dui. Cras pellentesque. Sed dictum. Proin eget odio. Aliquam vulputate ullamcorper magna. Sed eu eros. Nam consequat dolor vitae dolor. Donec fringilla. Donec feugiat metus sit amet ante. Vivamus non lorem vitae odio sagittis semper. Nam tempor diam dictum sapien. Aenean massa.","2014-10-28 09:48:45","2013-10-11 12:43:52","14-02-06","2013-08-13 11:13:24","2014-04-16 20:31:30",10,1);
INSERT INTO `cours` (`id`,`author`,`name`,`content`,`heure_debut`,`heure_fin`,`date`,`created`,`updated`,`matieres_id`,`promotions_id`) VALUES (75,"Angelica Pollard","pharetra ut, pharetra sed, hendrerit","Cras dolor dolor, tempus non, lacinia at, iaculis quis, pede. Praesent eu dui. Cum sociis natoque penatibus et magnis dis parturient montes, nascetur ridiculus mus. Aenean eget magna. Suspendisse tristique neque venenatis lacus. Etiam bibendum fermentum metus. Aenean sed pede nec ante blandit viverra. Donec tempus, lorem fringilla ornare placerat,","2014-10-13 23:56:21","2014-10-15 12:24:59","13-05-30","2013-06-20 02:12:14","2013-11-18 19:21:37",9,1);
INSERT INTO `cours` (`id`,`author`,`name`,`content`,`heure_debut`,`heure_fin`,`date`,`created`,`updated`,`matieres_id`,`promotions_id`) VALUES (76,"Constance Whitley","diam nunc, ullamcorper eu, euismod","Nunc commodo auctor velit. Aliquam nisl. Nulla eu neque pellentesque massa lobortis ultrices. Vivamus rhoncus. Donec est. Nunc ullamcorper, velit in aliquet lobortis, nisi nibh lacinia orci, consectetuer euismod est arcu ac orci. Ut semper pretium neque. Morbi quis urna. Nunc quis arcu vel quam dignissim pharetra. Nam ac nulla.","2013-08-22 06:54:00","2014-11-08 05:46:53","13-08-03","2015-02-03 22:44:18","2013-11-25 01:46:29",2,1);
INSERT INTO `cours` (`id`,`author`,`name`,`content`,`heure_debut`,`heure_fin`,`date`,`created`,`updated`,`matieres_id`,`promotions_id`) VALUES (77,"Katell Phelps","nonummy ipsum non arcu. Vivamus","luctus ut, pellentesque eget, dictum placerat, augue. Sed molestie. Sed id risus quis diam luctus lobortis. Class aptent taciti sociosqu ad litora torquent per conubia nostra, per inceptos hymenaeos. Mauris ut quam vel sapien imperdiet ornare. In faucibus. Morbi vehicula. Pellentesque tincidunt tempus risus. Donec egestas. Duis ac arcu. Nunc","2013-12-19 08:49:26","2014-07-19 06:09:09","14-04-10","2015-01-21 11:55:16","2013-06-27 01:51:35",2,3);
INSERT INTO `cours` (`id`,`author`,`name`,`content`,`heure_debut`,`heure_fin`,`date`,`created`,`updated`,`matieres_id`,`promotions_id`) VALUES (78,"Adele Keith","enim. Etiam imperdiet dictum magna.","ante blandit viverra. Donec tempus, lorem fringilla ornare placerat, orci lacus vestibulum lorem, sit amet ultricies sem magna nec quam. Curabitur vel lectus. Cum sociis natoque penatibus et magnis dis parturient montes, nascetur ridiculus mus. Donec dignissim magna a tortor. Nunc commodo auctor velit. Aliquam nisl. Nulla eu neque pellentesque","2014-10-04 22:42:35","2014-07-31 17:07:30","13-09-05","2014-01-01 22:44:01","2013-08-31 23:29:44",8,3);
INSERT INTO `cours` (`id`,`author`,`name`,`content`,`heure_debut`,`heure_fin`,`date`,`created`,`updated`,`matieres_id`,`promotions_id`) VALUES (79,"Zelenia Mcmillan","hendrerit neque. In ornare sagittis","egestas nunc sed libero. Proin sed turpis nec mauris blandit mattis. Cras eget nisi dictum augue malesuada malesuada. Integer id magna et ipsum cursus vestibulum. Mauris magna. Duis dignissim tempor arcu. Vestibulum ut eros non enim commodo hendrerit. Donec porttitor tellus non magna. Nam ligula elit, pretium et, rutrum non,","2013-08-04 06:28:17","2014-09-23 05:09:00","14-06-24","2015-04-16 21:07:06","2014-05-10 12:44:07",8,5);
INSERT INTO `cours` (`id`,`author`,`name`,`content`,`heure_debut`,`heure_fin`,`date`,`created`,`updated`,`matieres_id`,`promotions_id`) VALUES (80,"Joan Rios","tempus, lorem fringilla ornare placerat,","aliquet, metus urna convallis erat, eget tincidunt dui augue eu tellus. Phasellus elit pede, malesuada vel, venenatis vel, faucibus id, libero. Donec consectetuer mauris id sapien. Cras dolor dolor, tempus non, lacinia at, iaculis quis, pede. Praesent eu dui. Cum sociis natoque penatibus et magnis dis parturient montes, nascetur ridiculus","2015-04-18 22:07:57","2013-12-21 16:19:45","14-08-11","2014-03-30 21:25:42","2013-07-22 04:06:56",1,5);
INSERT INTO `cours` (`id`,`author`,`name`,`content`,`heure_debut`,`heure_fin`,`date`,`created`,`updated`,`matieres_id`,`promotions_id`) VALUES (81,"Tatum Simon","tellus faucibus leo, in lobortis","massa lobortis ultrices. Vivamus rhoncus. Donec est. Nunc ullamcorper, velit in aliquet lobortis, nisi nibh lacinia orci, consectetuer euismod est arcu ac orci. Ut semper pretium neque. Morbi quis urna. Nunc quis arcu vel quam dignissim pharetra. Nam ac nulla. In tincidunt congue turpis. In condimentum. Donec at arcu. Vestibulum","2014-06-04 07:51:46","2014-12-19 11:22:12","14-07-21","2015-03-17 05:01:38","2013-06-21 21:58:13",2,5);
INSERT INTO `cours` (`id`,`author`,`name`,`content`,`heure_debut`,`heure_fin`,`date`,`created`,`updated`,`matieres_id`,`promotions_id`) VALUES (82,"Isabelle Mcconnell","Integer vulputate, risus a ultricies","magnis dis parturient montes, nascetur ridiculus mus. Proin vel nisl. Quisque fringilla euismod enim. Etiam gravida molestie arcu. Sed eu nibh vulputate mauris sagittis placerat. Cras dictum ultricies ligula. Nullam enim. Sed nulla ante, iaculis nec, eleifend non, dapibus rutrum, justo. Praesent luctus. Curabitur egestas nunc sed libero. Proin sed","2013-07-18 12:18:35","2014-08-29 00:52:52","13-07-10","2014-11-04 03:14:36","2014-02-20 00:28:14",5,2);
INSERT INTO `cours` (`id`,`author`,`name`,`content`,`heure_debut`,`heure_fin`,`date`,`created`,`updated`,`matieres_id`,`promotions_id`) VALUES (83,"Alyssa Blevins","nulla. In tincidunt congue turpis.","commodo auctor velit. Aliquam nisl. Nulla eu neque pellentesque massa lobortis ultrices. Vivamus rhoncus. Donec est. Nunc ullamcorper, velit in aliquet lobortis, nisi nibh lacinia orci, consectetuer euismod est arcu ac orci. Ut semper pretium neque. Morbi quis urna. Nunc quis arcu vel quam dignissim pharetra. Nam ac nulla. In","2014-12-02 09:50:35","2015-01-19 14:24:46","14-01-25","2014-11-07 21:04:32","2013-08-02 09:42:08",4,2);
INSERT INTO `cours` (`id`,`author`,`name`,`content`,`heure_debut`,`heure_fin`,`date`,`created`,`updated`,`matieres_id`,`promotions_id`) VALUES (84,"Serena Chandler","odio tristique pharetra. Quisque ac","facilisi. Sed neque. Sed eget lacus. Mauris non dui nec urna suscipit nonummy. Fusce fermentum fermentum arcu. Vestibulum ante ipsum primis in faucibus orci luctus et ultrices posuere cubilia Curae; Phasellus ornare. Fusce mollis. Duis sit amet diam eu dolor egestas rhoncus. Proin nisl sem, consequat nec, mollis vitae, posuere","2014-05-16 20:17:58","2014-10-02 22:25:00","13-07-10","2014-07-28 21:40:26","2015-01-24 04:18:46",10,3);
INSERT INTO `cours` (`id`,`author`,`name`,`content`,`heure_debut`,`heure_fin`,`date`,`created`,`updated`,`matieres_id`,`promotions_id`) VALUES (85,"Quincy Dotson","id ante dictum cursus. Nunc","risus. Nulla eget metus eu erat semper rutrum. Fusce dolor quam, elementum at, egestas a, scelerisque sed, sapien. Nunc pulvinar arcu et pede. Nunc sed orci lobortis augue scelerisque mollis. Phasellus libero mauris, aliquam eu, accumsan sed, facilisis vitae, orci. Phasellus dapibus quam quis diam. Pellentesque habitant morbi tristique senectus","2014-07-09 08:40:38","2015-04-19 05:20:25","13-09-14","2014-06-02 06:21:24","2014-12-11 18:59:54",10,2);
INSERT INTO `cours` (`id`,`author`,`name`,`content`,`heure_debut`,`heure_fin`,`date`,`created`,`updated`,`matieres_id`,`promotions_id`) VALUES (86,"Odessa Roach","accumsan neque et nunc. Quisque","sed dictum eleifend, nunc risus varius orci, in consequat enim diam vel arcu. Curabitur ut odio vel est tempor bibendum. Donec felis orci, adipiscing non, luctus sit amet, faucibus ut, nulla. Cras eu tellus eu augue porttitor interdum. Sed auctor odio a purus. Duis elementum, dui quis accumsan convallis, ante","2014-09-18 22:49:15","2014-12-11 12:47:45","13-09-26","2014-06-16 13:18:25","2014-10-01 04:50:21",9,1);
INSERT INTO `cours` (`id`,`author`,`name`,`content`,`heure_debut`,`heure_fin`,`date`,`created`,`updated`,`matieres_id`,`promotions_id`) VALUES (87,"Constance Gay","mus. Donec dignissim magna a","ut aliquam iaculis, lacus pede sagittis augue, eu tempor erat neque non quam. Pellentesque habitant morbi tristique senectus et netus et malesuada fames ac turpis egestas. Aliquam fringilla cursus purus. Nullam scelerisque neque sed sem egestas blandit. Nam nulla magna, malesuada vel, convallis in, cursus et, eros. Proin ultrices. Duis","2013-07-19 15:11:19","2015-03-07 19:28:39","15-01-23","2015-04-28 20:40:46","2013-12-05 15:05:44",7,3);
INSERT INTO `cours` (`id`,`author`,`name`,`content`,`heure_debut`,`heure_fin`,`date`,`created`,`updated`,`matieres_id`,`promotions_id`) VALUES (88,"Lydia Fuentes","neque pellentesque massa lobortis ultrices.","nunc sit amet metus. Aliquam erat volutpat. Nulla facilisis. Suspendisse commodo tincidunt nibh. Phasellus nulla. Integer vulputate, risus a ultricies adipiscing, enim mi tempor lorem, eget mollis lectus pede et risus. Quisque libero lacus, varius et, euismod et, commodo at, libero. Morbi accumsan laoreet ipsum. Curabitur consequat, lectus sit amet","2015-03-18 22:30:38","2014-03-31 02:35:44","14-08-12","2013-06-11 08:29:15","2014-12-16 02:10:25",6,1);
INSERT INTO `cours` (`id`,`author`,`name`,`content`,`heure_debut`,`heure_fin`,`date`,`created`,`updated`,`matieres_id`,`promotions_id`) VALUES (89,"Sopoline Garcia","nunc sed pede. Cum sociis","non, lacinia at, iaculis quis, pede. Praesent eu dui. Cum sociis natoque penatibus et magnis dis parturient montes, nascetur ridiculus mus. Aenean eget magna. Suspendisse tristique neque venenatis lacus. Etiam bibendum fermentum metus. Aenean sed pede nec ante blandit viverra. Donec tempus, lorem fringilla ornare placerat, orci lacus vestibulum lorem,","2014-03-29 14:28:39","2014-09-29 00:40:45","15-01-28","2015-02-26 00:39:38","2015-02-25 10:41:23",6,3);
INSERT INTO `cours` (`id`,`author`,`name`,`content`,`heure_debut`,`heure_fin`,`date`,`created`,`updated`,`matieres_id`,`promotions_id`) VALUES (90,"Shay Wilkerson","mauris. Morbi non sapien molestie","nisi. Mauris nulla. Integer urna. Vivamus molestie dapibus ligula. Aliquam erat volutpat. Nulla dignissim. Maecenas ornare egestas ligula. Nullam feugiat placerat velit. Quisque varius. Nam porttitor scelerisque neque. Nullam nisl. Maecenas malesuada fringilla est. Mauris eu turpis. Nulla aliquet. Proin velit. Sed malesuada augue ut lacus. Nulla tincidunt, neque vitae","2013-05-25 19:09:43","2014-06-07 03:13:10","13-05-14","2013-05-08 21:12:41","2014-10-21 13:55:11",7,2);
INSERT INTO `cours` (`id`,`author`,`name`,`content`,`heure_debut`,`heure_fin`,`date`,`created`,`updated`,`matieres_id`,`promotions_id`) VALUES (91,"Kyla Cole","erat. Etiam vestibulum massa rutrum","nulla. Integer urna. Vivamus molestie dapibus ligula. Aliquam erat volutpat. Nulla dignissim. Maecenas ornare egestas ligula. Nullam feugiat placerat velit. Quisque varius. Nam porttitor scelerisque neque. Nullam nisl. Maecenas malesuada fringilla est. Mauris eu turpis. Nulla aliquet. Proin velit. Sed malesuada augue ut lacus. Nulla tincidunt, neque vitae semper egestas,","2015-01-12 06:25:42","2014-10-20 06:43:32","14-11-08","2015-02-17 13:47:52","2014-10-28 13:33:56",2,2);
INSERT INTO `cours` (`id`,`author`,`name`,`content`,`heure_debut`,`heure_fin`,`date`,`created`,`updated`,`matieres_id`,`promotions_id`) VALUES (92,"Morgan Mcguire","eget, dictum placerat, augue. Sed","Donec feugiat metus sit amet ante. Vivamus non lorem vitae odio sagittis semper. Nam tempor diam dictum sapien. Aenean massa. Integer vitae nibh. Donec est mauris, rhoncus id, mollis nec, cursus a, enim. Suspendisse aliquet, sem ut cursus luctus, ipsum leo elementum sem, vitae aliquam eros turpis non enim. Mauris","2014-06-18 03:25:44","2014-01-31 10:30:15","14-05-11","2014-12-30 11:18:10","2015-02-24 15:14:19",8,3);
INSERT INTO `cours` (`id`,`author`,`name`,`content`,`heure_debut`,`heure_fin`,`date`,`created`,`updated`,`matieres_id`,`promotions_id`) VALUES (93,"Kalia Mcintyre","Nulla tincidunt, neque vitae semper","Vivamus euismod urna. Nullam lobortis quam a felis ullamcorper viverra. Maecenas iaculis aliquet diam. Sed diam lorem, auctor quis, tristique ac, eleifend vitae, erat. Vivamus nisi. Mauris nulla. Integer urna. Vivamus molestie dapibus ligula. Aliquam erat volutpat. Nulla dignissim. Maecenas ornare egestas ligula. Nullam feugiat placerat velit. Quisque varius. Nam","2013-08-27 08:12:34","2013-07-07 22:48:16","15-03-26","2013-07-01 07:19:00","2015-02-19 23:58:54",10,5);
INSERT INTO `cours` (`id`,`author`,`name`,`content`,`heure_debut`,`heure_fin`,`date`,`created`,`updated`,`matieres_id`,`promotions_id`) VALUES (94,"Whilemina Branch","Praesent luctus. Curabitur egestas nunc","non ante bibendum ullamcorper. Duis cursus, diam at pretium aliquet, metus urna convallis erat, eget tincidunt dui augue eu tellus. Phasellus elit pede, malesuada vel, venenatis vel, faucibus id, libero. Donec consectetuer mauris id sapien. Cras dolor dolor, tempus non, lacinia at, iaculis quis, pede. Praesent eu dui. Cum sociis","2013-06-28 03:43:18","2013-09-16 06:49:08","14-04-14","2013-10-18 23:56:50","2014-01-20 02:30:38",1,3);
INSERT INTO `cours` (`id`,`author`,`name`,`content`,`heure_debut`,`heure_fin`,`date`,`created`,`updated`,`matieres_id`,`promotions_id`) VALUES (95,"Oprah Arnold","Aliquam nec enim. Nunc ut","et magnis dis parturient montes, nascetur ridiculus mus. Donec dignissim magna a tortor. Nunc commodo auctor velit. Aliquam nisl. Nulla eu neque pellentesque massa lobortis ultrices. Vivamus rhoncus. Donec est. Nunc ullamcorper, velit in aliquet lobortis, nisi nibh lacinia orci, consectetuer euismod est arcu ac orci. Ut semper pretium neque.","2014-01-30 12:35:57","2013-12-03 15:37:08","13-11-16","2014-05-27 03:57:00","2013-12-07 16:51:26",10,3);
INSERT INTO `cours` (`id`,`author`,`name`,`content`,`heure_debut`,`heure_fin`,`date`,`created`,`updated`,`matieres_id`,`promotions_id`) VALUES (96,"Audrey Stone","vel nisl. Quisque fringilla euismod","nunc risus varius orci, in consequat enim diam vel arcu. Curabitur ut odio vel est tempor bibendum. Donec felis orci, adipiscing non, luctus sit amet, faucibus ut, nulla. Cras eu tellus eu augue porttitor interdum. Sed auctor odio a purus. Duis elementum, dui quis accumsan convallis, ante lectus convallis est,","2013-11-22 05:37:59","2013-12-10 18:31:25","14-10-20","2015-03-30 18:19:07","2013-05-08 15:14:25",9,3);
INSERT INTO `cours` (`id`,`author`,`name`,`content`,`heure_debut`,`heure_fin`,`date`,`created`,`updated`,`matieres_id`,`promotions_id`) VALUES (97,"Jacqueline Medina","arcu. Curabitur ut odio vel","tempor bibendum. Donec felis orci, adipiscing non, luctus sit amet, faucibus ut, nulla. Cras eu tellus eu augue porttitor interdum. Sed auctor odio a purus. Duis elementum, dui quis accumsan convallis, ante lectus convallis est, vitae sodales nisi magna sed dui. Fusce aliquam, enim nec tempus scelerisque, lorem ipsum sodales","2014-09-29 08:14:07","2013-10-09 12:00:50","13-09-11","2013-12-06 22:06:04","2014-11-11 11:24:53",6,3);
INSERT INTO `cours` (`id`,`author`,`name`,`content`,`heure_debut`,`heure_fin`,`date`,`created`,`updated`,`matieres_id`,`promotions_id`) VALUES (98,"Whilemina Guerrero","nibh. Aliquam ornare, libero at","metus vitae velit egestas lacinia. Sed congue, elit sed consequat auctor, nunc nulla vulputate dui, nec tempus mauris erat eget ipsum. Suspendisse sagittis. Nullam vitae diam. Proin dolor. Nulla semper tellus id nunc interdum feugiat. Sed nec metus facilisis lorem tristique aliquet. Phasellus fermentum convallis ligula. Donec luctus aliquet odio.","2014-04-10 12:02:31","2013-11-05 16:02:49","13-12-11","2014-07-28 01:09:29","2013-05-08 20:40:42",4,3);
INSERT INTO `cours` (`id`,`author`,`name`,`content`,`heure_debut`,`heure_fin`,`date`,`created`,`updated`,`matieres_id`,`promotions_id`) VALUES (99,"Tara Carter","ut cursus luctus, ipsum leo","diam dictum sapien. Aenean massa. Integer vitae nibh. Donec est mauris, rhoncus id, mollis nec, cursus a, enim. Suspendisse aliquet, sem ut cursus luctus, ipsum leo elementum sem, vitae aliquam eros turpis non enim. Mauris quis turpis vitae purus gravida sagittis. Duis gravida. Praesent eu nulla at sem molestie sodales.","2013-05-17 10:40:19","2013-05-07 08:27:05","15-03-04","2014-07-16 23:25:41","2013-09-30 16:18:41",4,2);
INSERT INTO `cours` (`id`,`author`,`name`,`content`,`heure_debut`,`heure_fin`,`date`,`created`,`updated`,`matieres_id`,`promotions_id`) VALUES (100,"Daphne Fitzgerald","sem molestie sodales. Mauris blandit","non, bibendum sed, est. Nunc laoreet lectus quis massa. Mauris vestibulum, neque sed dictum eleifend, nunc risus varius orci, in consequat enim diam vel arcu. Curabitur ut odio vel est tempor bibendum. Donec felis orci, adipiscing non, luctus sit amet, faucibus ut, nulla. Cras eu tellus eu augue porttitor interdum.","2013-07-09 00:30:19","2014-05-26 15:44:36","13-08-19","2014-03-12 13:16:20","2013-08-29 18:01:21",9,3);

INSERT INTO `tests` (`id`,`author`,`name`,`content`,`date`,`status`,`cours_id`) VALUES (1,"Rina Noble","facilisis facilisis, magna tellus faucibus","rutrum eu, ultrices sit amet, risus. Donec nibh enim, gravida sit amet, dapibus id, blandit at, nisi. Cum sociis natoque penatibus et magnis dis parturient montes, nascetur ridiculus mus. Proin vel nisl. Quisque fringilla euismod enim. Etiam gravida molestie arcu. Sed eu nibh vulputate mauris sagittis placerat. Cras dictum ultricies","13-10-04",2,28);
INSERT INTO `tests` (`id`,`author`,`name`,`content`,`date`,`status`,`cours_id`) VALUES (2,"Raya Avila","est mauris, rhoncus id, mollis","mollis dui, in sodales elit erat vitae risus. Duis a mi fringilla mi lacinia mattis. Integer eu lacus. Quisque imperdiet, erat nonummy ultricies ornare, elit elit fermentum risus, at fringilla purus mauris a nunc. In at pede. Cras vulputate velit eu sem. Pellentesque ut ipsum ac mi eleifend egestas. Sed","13-10-06",1,33);
INSERT INTO `tests` (`id`,`author`,`name`,`content`,`date`,`status`,`cours_id`) VALUES (3,"Galena Foster","ipsum dolor sit amet, consectetuer","In faucibus. Morbi vehicula. Pellentesque tincidunt tempus risus. Donec egestas. Duis ac arcu. Nunc mauris. Morbi non sapien molestie orci tincidunt adipiscing. Mauris molestie pharetra nibh. Aliquam ornare, libero at auctor ullamcorper, nisl arcu iaculis enim, sit amet ornare lectus justo eu arcu. Morbi sit amet massa. Quisque porttitor eros","13-09-23",2,25);
INSERT INTO `tests` (`id`,`author`,`name`,`content`,`date`,`status`,`cours_id`) VALUES (4,"Jana Roman","velit. Sed malesuada augue ut","eu metus. In lorem. Donec elementum, lorem ut aliquam iaculis, lacus pede sagittis augue, eu tempor erat neque non quam. Pellentesque habitant morbi tristique senectus et netus et malesuada fames ac turpis egestas. Aliquam fringilla cursus purus. Nullam scelerisque neque sed sem egestas blandit. Nam nulla magna, malesuada vel, convallis","14-02-19",2,16);
INSERT INTO `tests` (`id`,`author`,`name`,`content`,`date`,`status`,`cours_id`) VALUES (5,"Quon Murphy","Fusce fermentum fermentum arcu. Vestibulum","molestie tortor nibh sit amet orci. Ut sagittis lobortis mauris. Suspendisse aliquet molestie tellus. Aenean egestas hendrerit neque. In ornare sagittis felis. Donec tempor, est ac mattis semper, dui lectus rutrum urna, nec luctus felis purus ac tellus. Suspendisse sed dolor. Fusce mi lorem, vehicula et, rutrum eu, ultrices sit","14-04-03",2,35);
INSERT INTO `tests` (`id`,`author`,`name`,`content`,`date`,`status`,`cours_id`) VALUES (6,"Aiko Weber","ultricies ornare, elit elit fermentum","Duis ac arcu. Nunc mauris. Morbi non sapien molestie orci tincidunt adipiscing. Mauris molestie pharetra nibh. Aliquam ornare, libero at auctor ullamcorper, nisl arcu iaculis enim, sit amet ornare lectus justo eu arcu. Morbi sit amet massa. Quisque porttitor eros nec tellus. Nunc lectus pede, ultrices a, auctor non, feugiat","13-11-19",2,73);
INSERT INTO `tests` (`id`,`author`,`name`,`content`,`date`,`status`,`cours_id`) VALUES (7,"Breanna Crosby","et magnis dis parturient montes,","sodales nisi magna sed dui. Fusce aliquam, enim nec tempus scelerisque, lorem ipsum sodales purus, in molestie tortor nibh sit amet orci. Ut sagittis lobortis mauris. Suspendisse aliquet molestie tellus. Aenean egestas hendrerit neque. In ornare sagittis felis. Donec tempor, est ac mattis semper, dui lectus rutrum urna, nec luctus","13-06-13",2,53);
INSERT INTO `tests` (`id`,`author`,`name`,`content`,`date`,`status`,`cours_id`) VALUES (8,"Karina Daniels","Proin ultrices. Duis volutpat nunc","dolor egestas rhoncus. Proin nisl sem, consequat nec, mollis vitae, posuere at, velit. Cras lorem lorem, luctus ut, pellentesque eget, dictum placerat, augue. Sed molestie. Sed id risus quis diam luctus lobortis. Class aptent taciti sociosqu ad litora torquent per conubia nostra, per inceptos hymenaeos. Mauris ut quam vel sapien","13-07-09",2,75);
INSERT INTO `tests` (`id`,`author`,`name`,`content`,`date`,`status`,`cours_id`) VALUES (9,"Natalie Hawkins","a, malesuada id, erat. Etiam","Nullam feugiat placerat velit. Quisque varius. Nam porttitor scelerisque neque. Nullam nisl. Maecenas malesuada fringilla est. Mauris eu turpis. Nulla aliquet. Proin velit. Sed malesuada augue ut lacus. Nulla tincidunt, neque vitae semper egestas, urna justo faucibus lectus, a sollicitudin orci sem eget massa. Suspendisse eleifend. Cras sed leo. Cras","14-05-16",1,96);
INSERT INTO `tests` (`id`,`author`,`name`,`content`,`date`,`status`,`cours_id`) VALUES (10,"Gisela Bell","mauris id sapien. Cras dolor","penatibus et magnis dis parturient montes, nascetur ridiculus mus. Aenean eget magna. Suspendisse tristique neque venenatis lacus. Etiam bibendum fermentum metus. Aenean sed pede nec ante blandit viverra. Donec tempus, lorem fringilla ornare placerat, orci lacus vestibulum lorem, sit amet ultricies sem magna nec quam. Curabitur vel lectus. Cum sociis","14-09-29",1,88);
INSERT INTO `tests` (`id`,`author`,`name`,`content`,`date`,`status`,`cours_id`) VALUES (11,"Yen Peterson","orci lobortis augue scelerisque mollis.","at fringilla purus mauris a nunc. In at pede. Cras vulputate velit eu sem. Pellentesque ut ipsum ac mi eleifend egestas. Sed pharetra, felis eget varius ultrices, mauris ipsum porta elit, a feugiat tellus lorem eu metus. In lorem. Donec elementum, lorem ut aliquam iaculis, lacus pede sagittis augue, eu","14-07-23",1,92);
INSERT INTO `tests` (`id`,`author`,`name`,`content`,`date`,`status`,`cours_id`) VALUES (12,"Caryn Mayer","malesuada vel, convallis in, cursus","primis in faucibus orci luctus et ultrices posuere cubilia Curae; Phasellus ornare. Fusce mollis. Duis sit amet diam eu dolor egestas rhoncus. Proin nisl sem, consequat nec, mollis vitae, posuere at, velit. Cras lorem lorem, luctus ut, pellentesque eget, dictum placerat, augue. Sed molestie. Sed id risus quis diam luctus","15-01-13",2,62);
INSERT INTO `tests` (`id`,`author`,`name`,`content`,`date`,`status`,`cours_id`) VALUES (13,"Macy Hopkins","Fusce dolor quam, elementum at,","id risus quis diam luctus lobortis. Class aptent taciti sociosqu ad litora torquent per conubia nostra, per inceptos hymenaeos. Mauris ut quam vel sapien imperdiet ornare. In faucibus. Morbi vehicula. Pellentesque tincidunt tempus risus. Donec egestas. Duis ac arcu. Nunc mauris. Morbi non sapien molestie orci tincidunt adipiscing. Mauris molestie","14-12-15",2,47);
INSERT INTO `tests` (`id`,`author`,`name`,`content`,`date`,`status`,`cours_id`) VALUES (14,"Jenna Mooney","blandit enim consequat purus. Maecenas","per inceptos hymenaeos. Mauris ut quam vel sapien imperdiet ornare. In faucibus. Morbi vehicula. Pellentesque tincidunt tempus risus. Donec egestas. Duis ac arcu. Nunc mauris. Morbi non sapien molestie orci tincidunt adipiscing. Mauris molestie pharetra nibh. Aliquam ornare, libero at auctor ullamcorper, nisl arcu iaculis enim, sit amet ornare lectus","15-03-22",1,62);
INSERT INTO `tests` (`id`,`author`,`name`,`content`,`date`,`status`,`cours_id`) VALUES (15,"Kimberley Montgomery","quam, elementum at, egestas a,","Nunc sed orci lobortis augue scelerisque mollis. Phasellus libero mauris, aliquam eu, accumsan sed, facilisis vitae, orci. Phasellus dapibus quam quis diam. Pellentesque habitant morbi tristique senectus et netus et malesuada fames ac turpis egestas. Fusce aliquet magna a neque. Nullam ut nisi a odio semper cursus. Integer mollis. Integer","14-12-05",1,73);
INSERT INTO `tests` (`id`,`author`,`name`,`content`,`date`,`status`,`cours_id`) VALUES (16,"Rhea Mills","vestibulum nec, euismod in, dolor.","neque vitae semper egestas, urna justo faucibus lectus, a sollicitudin orci sem eget massa. Suspendisse eleifend. Cras sed leo. Cras vehicula aliquet libero. Integer in magna. Phasellus dolor elit, pellentesque a, facilisis non, bibendum sed, est. Nunc laoreet lectus quis massa. Mauris vestibulum, neque sed dictum eleifend, nunc risus varius","14-10-20",1,27);
INSERT INTO `tests` (`id`,`author`,`name`,`content`,`date`,`status`,`cours_id`) VALUES (17,"Bo Mccarthy","sollicitudin commodo ipsum. Suspendisse non","tempus, lorem fringilla ornare placerat, orci lacus vestibulum lorem, sit amet ultricies sem magna nec quam. Curabitur vel lectus. Cum sociis natoque penatibus et magnis dis parturient montes, nascetur ridiculus mus. Donec dignissim magna a tortor. Nunc commodo auctor velit. Aliquam nisl. Nulla eu neque pellentesque massa lobortis ultrices. Vivamus","15-04-28",2,86);
INSERT INTO `tests` (`id`,`author`,`name`,`content`,`date`,`status`,`cours_id`) VALUES (18,"Dahlia Jacobson","rutrum urna, nec luctus felis","ante dictum mi, ac mattis velit justo nec ante. Maecenas mi felis, adipiscing fringilla, porttitor vulputate, posuere vulputate, lacus. Cras interdum. Nunc sollicitudin commodo ipsum. Suspendisse non leo. Vivamus nibh dolor, nonummy ac, feugiat non, lobortis quis, pede. Suspendisse dui. Fusce diam nunc, ullamcorper eu, euismod ac, fermentum vel, mauris.","15-04-05",1,66);
INSERT INTO `tests` (`id`,`author`,`name`,`content`,`date`,`status`,`cours_id`) VALUES (19,"Cathleen Kelly","torquent per conubia nostra, per","facilisis facilisis, magna tellus faucibus leo, in lobortis tellus justo sit amet nulla. Donec non justo. Proin non massa non ante bibendum ullamcorper. Duis cursus, diam at pretium aliquet, metus urna convallis erat, eget tincidunt dui augue eu tellus. Phasellus elit pede, malesuada vel, venenatis vel, faucibus id, libero. Donec","13-05-27",2,1);
INSERT INTO `tests` (`id`,`author`,`name`,`content`,`date`,`status`,`cours_id`) VALUES (20,"Dana Figueroa","semper tellus id nunc interdum","est ac mattis semper, dui lectus rutrum urna, nec luctus felis purus ac tellus. Suspendisse sed dolor. Fusce mi lorem, vehicula et, rutrum eu, ultrices sit amet, risus. Donec nibh enim, gravida sit amet, dapibus id, blandit at, nisi. Cum sociis natoque penatibus et magnis dis parturient montes, nascetur ridiculus","13-12-29",1,11);
INSERT INTO `tests` (`id`,`author`,`name`,`content`,`date`,`status`,`cours_id`) VALUES (21,"Rosalyn Brady","quam. Pellentesque habitant morbi tristique","enim. Suspendisse aliquet, sem ut cursus luctus, ipsum leo elementum sem, vitae aliquam eros turpis non enim. Mauris quis turpis vitae purus gravida sagittis. Duis gravida. Praesent eu nulla at sem molestie sodales. Mauris blandit enim consequat purus. Maecenas libero est, congue a, aliquet vel, vulputate eu, odio. Phasellus at","14-02-02",2,86);
INSERT INTO `tests` (`id`,`author`,`name`,`content`,`date`,`status`,`cours_id`) VALUES (22,"Ebony Franks","purus mauris a nunc. In","urna convallis erat, eget tincidunt dui augue eu tellus. Phasellus elit pede, malesuada vel, venenatis vel, faucibus id, libero. Donec consectetuer mauris id sapien. Cras dolor dolor, tempus non, lacinia at, iaculis quis, pede. Praesent eu dui. Cum sociis natoque penatibus et magnis dis parturient montes, nascetur ridiculus mus. Aenean","15-05-01",2,77);
INSERT INTO `tests` (`id`,`author`,`name`,`content`,`date`,`status`,`cours_id`) VALUES (23,"Heather Noel","Pellentesque ut ipsum ac mi","sociis natoque penatibus et magnis dis parturient montes, nascetur ridiculus mus. Proin vel nisl. Quisque fringilla euismod enim. Etiam gravida molestie arcu. Sed eu nibh vulputate mauris sagittis placerat. Cras dictum ultricies ligula. Nullam enim. Sed nulla ante, iaculis nec, eleifend non, dapibus rutrum, justo. Praesent luctus. Curabitur egestas nunc","14-04-01",1,50);
INSERT INTO `tests` (`id`,`author`,`name`,`content`,`date`,`status`,`cours_id`) VALUES (24,"Phyllis Mercer","nisi magna sed dui. Fusce","egestas ligula. Nullam feugiat placerat velit. Quisque varius. Nam porttitor scelerisque neque. Nullam nisl. Maecenas malesuada fringilla est. Mauris eu turpis. Nulla aliquet. Proin velit. Sed malesuada augue ut lacus. Nulla tincidunt, neque vitae semper egestas, urna justo faucibus lectus, a sollicitudin orci sem eget massa. Suspendisse eleifend. Cras sed","15-02-21",1,1);
INSERT INTO `tests` (`id`,`author`,`name`,`content`,`date`,`status`,`cours_id`) VALUES (25,"Daria Hahn","Aliquam erat volutpat. Nulla facilisis.","In nec orci. Donec nibh. Quisque nonummy ipsum non arcu. Vivamus sit amet risus. Donec egestas. Aliquam nec enim. Nunc ut erat. Sed nunc est, mollis non, cursus non, egestas a, dui. Cras pellentesque. Sed dictum. Proin eget odio. Aliquam vulputate ullamcorper magna. Sed eu eros. Nam consequat dolor vitae","14-05-09",2,29);
INSERT INTO `tests` (`id`,`author`,`name`,`content`,`date`,`status`,`cours_id`) VALUES (26,"Nina York","neque non quam. Pellentesque habitant","Nulla aliquet. Proin velit. Sed malesuada augue ut lacus. Nulla tincidunt, neque vitae semper egestas, urna justo faucibus lectus, a sollicitudin orci sem eget massa. Suspendisse eleifend. Cras sed leo. Cras vehicula aliquet libero. Integer in magna. Phasellus dolor elit, pellentesque a, facilisis non, bibendum sed, est. Nunc laoreet lectus","13-07-23",2,16);
INSERT INTO `tests` (`id`,`author`,`name`,`content`,`date`,`status`,`cours_id`) VALUES (27,"Hope Richards","non leo. Vivamus nibh dolor,","quis diam luctus lobortis. Class aptent taciti sociosqu ad litora torquent per conubia nostra, per inceptos hymenaeos. Mauris ut quam vel sapien imperdiet ornare. In faucibus. Morbi vehicula. Pellentesque tincidunt tempus risus. Donec egestas. Duis ac arcu. Nunc mauris. Morbi non sapien molestie orci tincidunt adipiscing. Mauris molestie pharetra nibh.","14-07-03",1,97);
INSERT INTO `tests` (`id`,`author`,`name`,`content`,`date`,`status`,`cours_id`) VALUES (28,"Marah Greene","odio. Etiam ligula tortor, dictum","Sed eu nibh vulputate mauris sagittis placerat. Cras dictum ultricies ligula. Nullam enim. Sed nulla ante, iaculis nec, eleifend non, dapibus rutrum, justo. Praesent luctus. Curabitur egestas nunc sed libero. Proin sed turpis nec mauris blandit mattis. Cras eget nisi dictum augue malesuada malesuada. Integer id magna et ipsum cursus","14-06-14",2,28);
INSERT INTO `tests` (`id`,`author`,`name`,`content`,`date`,`status`,`cours_id`) VALUES (29,"Lysandra Atkinson","tincidunt congue turpis. In condimentum.","tortor. Nunc commodo auctor velit. Aliquam nisl. Nulla eu neque pellentesque massa lobortis ultrices. Vivamus rhoncus. Donec est. Nunc ullamcorper, velit in aliquet lobortis, nisi nibh lacinia orci, consectetuer euismod est arcu ac orci. Ut semper pretium neque. Morbi quis urna. Nunc quis arcu vel quam dignissim pharetra. Nam ac","14-06-09",1,37);
INSERT INTO `tests` (`id`,`author`,`name`,`content`,`date`,`status`,`cours_id`) VALUES (30,"Elizabeth Battle","facilisis, magna tellus faucibus leo,","mi fringilla mi lacinia mattis. Integer eu lacus. Quisque imperdiet, erat nonummy ultricies ornare, elit elit fermentum risus, at fringilla purus mauris a nunc. In at pede. Cras vulputate velit eu sem. Pellentesque ut ipsum ac mi eleifend egestas. Sed pharetra, felis eget varius ultrices, mauris ipsum porta elit, a","13-05-19",2,6);
INSERT INTO `tests` (`id`,`author`,`name`,`content`,`date`,`status`,`cours_id`) VALUES (31,"Brielle Hester","nec enim. Nunc ut erat.","consequat dolor vitae dolor. Donec fringilla. Donec feugiat metus sit amet ante. Vivamus non lorem vitae odio sagittis semper. Nam tempor diam dictum sapien. Aenean massa. Integer vitae nibh. Donec est mauris, rhoncus id, mollis nec, cursus a, enim. Suspendisse aliquet, sem ut cursus luctus, ipsum leo elementum sem, vitae","14-02-08",2,20);
INSERT INTO `tests` (`id`,`author`,`name`,`content`,`date`,`status`,`cours_id`) VALUES (32,"Lynn Wiggins","amet, consectetuer adipiscing elit. Curabitur","eros. Proin ultrices. Duis volutpat nunc sit amet metus. Aliquam erat volutpat. Nulla facilisis. Suspendisse commodo tincidunt nibh. Phasellus nulla. Integer vulputate, risus a ultricies adipiscing, enim mi tempor lorem, eget mollis lectus pede et risus. Quisque libero lacus, varius et, euismod et, commodo at, libero. Morbi accumsan laoreet ipsum.","14-02-05",2,6);
INSERT INTO `tests` (`id`,`author`,`name`,`content`,`date`,`status`,`cours_id`) VALUES (33,"Pandora Flynn","vel, vulputate eu, odio. Phasellus","tempus eu, ligula. Aenean euismod mauris eu elit. Nulla facilisi. Sed neque. Sed eget lacus. Mauris non dui nec urna suscipit nonummy. Fusce fermentum fermentum arcu. Vestibulum ante ipsum primis in faucibus orci luctus et ultrices posuere cubilia Curae; Phasellus ornare. Fusce mollis. Duis sit amet diam eu dolor egestas","15-02-15",1,40);
INSERT INTO `tests` (`id`,`author`,`name`,`content`,`date`,`status`,`cours_id`) VALUES (34,"Nora Cherry","quam a felis ullamcorper viverra.","dolor dolor, tempus non, lacinia at, iaculis quis, pede. Praesent eu dui. Cum sociis natoque penatibus et magnis dis parturient montes, nascetur ridiculus mus. Aenean eget magna. Suspendisse tristique neque venenatis lacus. Etiam bibendum fermentum metus. Aenean sed pede nec ante blandit viverra. Donec tempus, lorem fringilla ornare placerat, orci","13-11-13",1,18);
INSERT INTO `tests` (`id`,`author`,`name`,`content`,`date`,`status`,`cours_id`) VALUES (35,"Sonia Ellison","dis parturient montes, nascetur ridiculus","luctus ut, pellentesque eget, dictum placerat, augue. Sed molestie. Sed id risus quis diam luctus lobortis. Class aptent taciti sociosqu ad litora torquent per conubia nostra, per inceptos hymenaeos. Mauris ut quam vel sapien imperdiet ornare. In faucibus. Morbi vehicula. Pellentesque tincidunt tempus risus. Donec egestas. Duis ac arcu. Nunc","14-11-17",2,98);
INSERT INTO `tests` (`id`,`author`,`name`,`content`,`date`,`status`,`cours_id`) VALUES (36,"Urielle Sykes","egestas lacinia. Sed congue, elit","dignissim. Maecenas ornare egestas ligula. Nullam feugiat placerat velit. Quisque varius. Nam porttitor scelerisque neque. Nullam nisl. Maecenas malesuada fringilla est. Mauris eu turpis. Nulla aliquet. Proin velit. Sed malesuada augue ut lacus. Nulla tincidunt, neque vitae semper egestas, urna justo faucibus lectus, a sollicitudin orci sem eget massa. Suspendisse","14-04-22",1,46);
INSERT INTO `tests` (`id`,`author`,`name`,`content`,`date`,`status`,`cours_id`) VALUES (37,"Rina Lloyd","luctus felis purus ac tellus.","neque pellentesque massa lobortis ultrices. Vivamus rhoncus. Donec est. Nunc ullamcorper, velit in aliquet lobortis, nisi nibh lacinia orci, consectetuer euismod est arcu ac orci. Ut semper pretium neque. Morbi quis urna. Nunc quis arcu vel quam dignissim pharetra. Nam ac nulla. In tincidunt congue turpis. In condimentum. Donec at","13-06-08",1,21);
INSERT INTO `tests` (`id`,`author`,`name`,`content`,`date`,`status`,`cours_id`) VALUES (38,"Angela Vang","sapien, gravida non, sollicitudin a,","pede sagittis augue, eu tempor erat neque non quam. Pellentesque habitant morbi tristique senectus et netus et malesuada fames ac turpis egestas. Aliquam fringilla cursus purus. Nullam scelerisque neque sed sem egestas blandit. Nam nulla magna, malesuada vel, convallis in, cursus et, eros. Proin ultrices. Duis volutpat nunc sit amet","14-03-23",2,30);
INSERT INTO `tests` (`id`,`author`,`name`,`content`,`date`,`status`,`cours_id`) VALUES (39,"Libby Gonzales","Sed nulla ante, iaculis nec,","ac metus vitae velit egestas lacinia. Sed congue, elit sed consequat auctor, nunc nulla vulputate dui, nec tempus mauris erat eget ipsum. Suspendisse sagittis. Nullam vitae diam. Proin dolor. Nulla semper tellus id nunc interdum feugiat. Sed nec metus facilisis lorem tristique aliquet. Phasellus fermentum convallis ligula. Donec luctus aliquet","13-07-15",2,31);
INSERT INTO `tests` (`id`,`author`,`name`,`content`,`date`,`status`,`cours_id`) VALUES (40,"Teagan Banks","pharetra. Quisque ac libero nec","amet orci. Ut sagittis lobortis mauris. Suspendisse aliquet molestie tellus. Aenean egestas hendrerit neque. In ornare sagittis felis. Donec tempor, est ac mattis semper, dui lectus rutrum urna, nec luctus felis purus ac tellus. Suspendisse sed dolor. Fusce mi lorem, vehicula et, rutrum eu, ultrices sit amet, risus. Donec nibh","15-04-25",2,87);
INSERT INTO `tests` (`id`,`author`,`name`,`content`,`date`,`status`,`cours_id`) VALUES (41,"Leandra Chang","sed tortor. Integer aliquam adipiscing","Sed eget lacus. Mauris non dui nec urna suscipit nonummy. Fusce fermentum fermentum arcu. Vestibulum ante ipsum primis in faucibus orci luctus et ultrices posuere cubilia Curae; Phasellus ornare. Fusce mollis. Duis sit amet diam eu dolor egestas rhoncus. Proin nisl sem, consequat nec, mollis vitae, posuere at, velit. Cras","14-09-28",2,68);
INSERT INTO `tests` (`id`,`author`,`name`,`content`,`date`,`status`,`cours_id`) VALUES (42,"Amber Sanders","Aliquam rutrum lorem ac risus.","scelerisque mollis. Phasellus libero mauris, aliquam eu, accumsan sed, facilisis vitae, orci. Phasellus dapibus quam quis diam. Pellentesque habitant morbi tristique senectus et netus et malesuada fames ac turpis egestas. Fusce aliquet magna a neque. Nullam ut nisi a odio semper cursus. Integer mollis. Integer tincidunt aliquam arcu. Aliquam ultrices","15-03-31",1,74);
INSERT INTO `tests` (`id`,`author`,`name`,`content`,`date`,`status`,`cours_id`) VALUES (43,"Mari Prince","velit. Aliquam nisl. Nulla eu","at sem molestie sodales. Mauris blandit enim consequat purus. Maecenas libero est, congue a, aliquet vel, vulputate eu, odio. Phasellus at augue id ante dictum cursus. Nunc mauris elit, dictum eu, eleifend nec, malesuada ut, sem. Nulla interdum. Curabitur dictum. Phasellus in felis. Nulla tempor augue ac ipsum. Phasellus vitae","14-07-13",2,65);
INSERT INTO `tests` (`id`,`author`,`name`,`content`,`date`,`status`,`cours_id`) VALUES (44,"Dora Parker","porttitor scelerisque neque. Nullam nisl.","ut, molestie in, tempus eu, ligula. Aenean euismod mauris eu elit. Nulla facilisi. Sed neque. Sed eget lacus. Mauris non dui nec urna suscipit nonummy. Fusce fermentum fermentum arcu. Vestibulum ante ipsum primis in faucibus orci luctus et ultrices posuere cubilia Curae; Phasellus ornare. Fusce mollis. Duis sit amet diam","13-08-17",1,7);
INSERT INTO `tests` (`id`,`author`,`name`,`content`,`date`,`status`,`cours_id`) VALUES (45,"Lenore Mosley","enim. Sed nulla ante, iaculis","commodo auctor velit. Aliquam nisl. Nulla eu neque pellentesque massa lobortis ultrices. Vivamus rhoncus. Donec est. Nunc ullamcorper, velit in aliquet lobortis, nisi nibh lacinia orci, consectetuer euismod est arcu ac orci. Ut semper pretium neque. Morbi quis urna. Nunc quis arcu vel quam dignissim pharetra. Nam ac nulla. In","14-01-02",1,87);
INSERT INTO `tests` (`id`,`author`,`name`,`content`,`date`,`status`,`cours_id`) VALUES (46,"Sandra Shaw","metus. Aenean sed pede nec","eu erat semper rutrum. Fusce dolor quam, elementum at, egestas a, scelerisque sed, sapien. Nunc pulvinar arcu et pede. Nunc sed orci lobortis augue scelerisque mollis. Phasellus libero mauris, aliquam eu, accumsan sed, facilisis vitae, orci. Phasellus dapibus quam quis diam. Pellentesque habitant morbi tristique senectus et netus et malesuada","13-06-25",2,91);
INSERT INTO `tests` (`id`,`author`,`name`,`content`,`date`,`status`,`cours_id`) VALUES (47,"September Ballard","Aliquam gravida mauris ut mi.","sed pede. Cum sociis natoque penatibus et magnis dis parturient montes, nascetur ridiculus mus. Proin vel arcu eu odio tristique pharetra. Quisque ac libero nec ligula consectetuer rhoncus. Nullam velit dui, semper et, lacinia vitae, sodales at, velit. Pellentesque ultricies dignissim lacus. Aliquam rutrum lorem ac risus. Morbi metus. Vivamus","14-02-15",1,82);
INSERT INTO `tests` (`id`,`author`,`name`,`content`,`date`,`status`,`cours_id`) VALUES (48,"Florence Pearson","enim. Etiam imperdiet dictum magna.","commodo tincidunt nibh. Phasellus nulla. Integer vulputate, risus a ultricies adipiscing, enim mi tempor lorem, eget mollis lectus pede et risus. Quisque libero lacus, varius et, euismod et, commodo at, libero. Morbi accumsan laoreet ipsum. Curabitur consequat, lectus sit amet luctus vulputate, nisi sem semper erat, in consectetuer ipsum nunc","13-09-19",1,57);
INSERT INTO `tests` (`id`,`author`,`name`,`content`,`date`,`status`,`cours_id`) VALUES (49,"Alfreda Hendrix","In nec orci. Donec nibh.","dictum cursus. Nunc mauris elit, dictum eu, eleifend nec, malesuada ut, sem. Nulla interdum. Curabitur dictum. Phasellus in felis. Nulla tempor augue ac ipsum. Phasellus vitae mauris sit amet lorem semper auctor. Mauris vel turpis. Aliquam adipiscing lobortis risus. In mi pede, nonummy ut, molestie in, tempus eu, ligula. Aenean","14-09-08",2,69);
INSERT INTO `tests` (`id`,`author`,`name`,`content`,`date`,`status`,`cours_id`) VALUES (50,"Flavia Wolf","arcu. Vestibulum ante ipsum primis","nibh sit amet orci. Ut sagittis lobortis mauris. Suspendisse aliquet molestie tellus. Aenean egestas hendrerit neque. In ornare sagittis felis. Donec tempor, est ac mattis semper, dui lectus rutrum urna, nec luctus felis purus ac tellus. Suspendisse sed dolor. Fusce mi lorem, vehicula et, rutrum eu, ultrices sit amet, risus.","14-03-20",2,64);
INSERT INTO `tests` (`id`,`author`,`name`,`content`,`date`,`status`,`cours_id`) VALUES (51,"Leandra Harris","fermentum fermentum arcu. Vestibulum ante","Suspendisse non leo. Vivamus nibh dolor, nonummy ac, feugiat non, lobortis quis, pede. Suspendisse dui. Fusce diam nunc, ullamcorper eu, euismod ac, fermentum vel, mauris. Integer sem elit, pharetra ut, pharetra sed, hendrerit a, arcu. Sed et libero. Proin mi. Aliquam gravida mauris ut mi. Duis risus odio, auctor vitae,","14-03-09",2,56);
INSERT INTO `tests` (`id`,`author`,`name`,`content`,`date`,`status`,`cours_id`) VALUES (52,"Meredith Bolton","aliquet, metus urna convallis erat,","Aenean massa. Integer vitae nibh. Donec est mauris, rhoncus id, mollis nec, cursus a, enim. Suspendisse aliquet, sem ut cursus luctus, ipsum leo elementum sem, vitae aliquam eros turpis non enim. Mauris quis turpis vitae purus gravida sagittis. Duis gravida. Praesent eu nulla at sem molestie sodales. Mauris blandit enim","15-02-24",2,86);
INSERT INTO `tests` (`id`,`author`,`name`,`content`,`date`,`status`,`cours_id`) VALUES (53,"India Rivers","aliquet diam. Sed diam lorem,","neque. Sed eget lacus. Mauris non dui nec urna suscipit nonummy. Fusce fermentum fermentum arcu. Vestibulum ante ipsum primis in faucibus orci luctus et ultrices posuere cubilia Curae; Phasellus ornare. Fusce mollis. Duis sit amet diam eu dolor egestas rhoncus. Proin nisl sem, consequat nec, mollis vitae, posuere at, velit.","13-12-06",2,57);